country,1993,1994,1995,1996,1997,1998,1999,2000,2001,2002,2003,2004,2005,2006,2007,2008,2009,2010,2011,2012,2013,2014,2015,2016,2017,2018,2019,2020,2021,2022,2023,2024,2025
Australia,1.7536534374,1.9696347923,4.627766602,2.6153846038,0.2248875584,0.8601346346,1.4831294103,4.4574351348,4.4071353648,2.9815745459,2.7325959551,2.3432552356,2.6918316825,3.5552877312,2.3276113004,4.3502985345,1.7711171809,2.9183400266,3.3038501455,1.7627801685,2.4498886294,2.487922704,1.5083667183,1.2769909597,1.948647404,1.9114009392,1.610767878,0.8469055394,2.8639104146,6.5940967114,5.5970149291,3.1665697776,2.8740382263
Austria,3.6317855465,2.9534065289,2.2433637488,1.860974107,1.3059832951,0.9224668813,0.5689865193,2.3448683907,2.6499999956,1.8103588369,1.3555537732,2.0612068345,2.2991377165,1.4415465492,2.1685559393,3.2159511124,0.5063093955,1.8135317422,3.2865830452,2.4856750927,2.0001574941,1.6058055952,0.8965652921,0.8915923665,2.0812685847,1.9983818785,1.5308955308,1.3819095474,2.76666667,8.5468699284,7.814134173,2.9379157399,3.5271944023
Belgium,2.7544257768,2.3775445367,1.4679611608,2.0770246211,1.6281604976,0.9492502892,1.1208482303,2.5445177641,2.4692582296,1.6452143675,1.5889640097,2.0972831076,2.7814326261,1.7912077104,1.823056292,4.489444212,-0.0531456779,2.1892992076,3.532082109,2.8396634227,1.1130959464,0.3400028379,0.5614291493,1.97385265,2.1259708579,2.0531649982,1.4368195682,0.7407918066,2.4402485145,9.5975117327,4.0490107715,3.1434913717,2.467055434
Canada,1.8650793635,0.1655629118,2.1487603328,1.5705311144,1.6212163947,0.9959424555,1.7348429485,2.7194399576,2.5251201342,2.2583944158000002,2.7585632135,1.8572587167,2.2135520283,2.0020254048,2.1383839859,2.3702706805,0.2994668025,1.7768715385,2.9121350901,1.5156782287,0.9382919012,1.9066359059,1.1252413621,1.42875954,1.5968841356,2.2682256733,1.9492690166,0.7169996331,3.3951931847,6.8028011566,3.8790016013,2.381583829,2.0723241106
Chile,12.7277614055,11.4431243539,8.2326335419,7.3591146775,6.1338665063,5.1102441301,3.336882867,3.8432734644,3.5691011421,2.4893983313,2.8101772518,1.0547393457,3.0525739368,3.392018988,4.407797903,8.7162685517,0.3530467315,1.4107106461,3.3412169424,3.0074483937,1.789555544,4.7186752746,4.3487735323,3.7861935591,2.1827184723,2.4348898135,2.557544757,3.0454908513,4.5245683824,11.6438667047,7.5816825143,NA,NA
Colombia,22.4424814626,22.8462377018,20.8918023956,20.7975599032,18.4700271251,18.6769813462,10.8736863142,9.2253468469,7.9655617281,6.3515077612,7.129787975,5.9040219653,5.0510161066,4.2934259111,5.5443849044,6.9968825767,4.2025182705,2.2720026121,3.4150319052,3.1693026015,2.0169930817,2.8988381183,4.989829063,7.5134605958,4.3143131653,3.240569559,3.5230199479,2.5266199311,3.4950724944,10.1772388433,11.7358951609,6.6090914943,5.1422367667
Costa Rica,9.7786007505,13.5344687313,23.1864981424,17.5114525026,13.2480440767,11.6592997565,10.0452817292,10.9615496594,11.2556156975,9.1675204965,9.4475809258,12.3148150168,13.798294902,11.4705968218,9.3572445574,13.4244635564,7.8427016766,5.6627570747,4.8779983143,4.4954531435,5.2313361417,4.5192009814,0.8019820087,-0.0174788506,1.6259069263,2.2211146189,2.0960463533,0.7249114815,1.7264775443,NA,NA,NA,NA
Czechia,20.8130261137,10.0394242393,8.9905305517,8.7587747293,8.5961566794,10.6983655269,2.1354484392,3.7753882867,4.6626755701,1.9029809747,0.1187392098,2.7601078123,1.8570978911,2.5339925834,2.8531243761,6.3586638013,1.0193773533,1.4727272727,1.9172191327,3.2876230696,1.4382978689,0.343988593,0.3093645451,0.6835042061,2.450533988,2.1494949527,2.8478759591,3.1612952849,3.8398449089,15.1001651473,10.66126014,2.4353120244,2.4599636784
Denmark,1.2578616323,1.9920142014,2.0836052,2.12629965,2.1821671345,1.8456512897,2.4977948936,2.903277081,2.3378748392,2.4244366165,2.0750782022,1.1543569353,1.8178145828,1.9242213766,1.6932658623,3.4162679427,1.3047099103,2.3109243771,2.7586822604,2.3979148566,0.7890717801,0.5640205371,0.4520341537,0.25,1.1471321696,0.8136094675,0.7581315725,0.4207119709,1.8530454432,7.6965669957,3.3051781125,1.3722005034,1.893673727
Estonia,NA,NA,NA,NA,NA,8.7447506149,3.2961108941,4.0184895315,5.7482798108,3.5719127039,1.3349911614,3.0481110698,4.0797142384,4.4376204238,6.6013260233,10.362358033,-0.0784083032,2.9720451211,4.9819013048,3.9333998771,2.7805665912,-0.1061751461,-0.4923260087,0.14868491,3.4172354965,3.4363268817,2.277259312,-0.4445310985,4.6531667362,19.3982622941,9.1592261055,3.5205605291,4.8280443864
Finland,2.1906536302,1.0885583583,0.7912362134,0.6291981301,1.1925564567,1.3994713069,1.1622369801,3.0420964604,2.57844077,1.5712208261,0.8774385555,0.1871233764,0.6238711839,1.5666666747,2.5106662277,4.0659516595,0,1.1841349548,3.4168090342,2.8083323212,1.4782881312,1.041200009,-0.20793204,0.3566845042,0.7540150404,1.0838209907,1.0240939231,0.2905545557,2.1945743235,7.1235077395,6.2506432184,1.5656890595,0.3378746649
France,2.1044627759,1.65551532,1.7964814301,1.9828836508,1.2039429315,0.6511268764,0.5371416391,1.6759598871,1.6347807871,1.9234122873,2.0984721916,2.1420896544,1.7458693637,1.6751244884,1.4879980633,2.8128619491,0.0876204817,1.5311227006,2.1115979517,1.9541953161,0.8637155012,0.5077588229,0.0375143805,0.1833348578,1.032282754,1.8508150798,1.1082549229,0.4764988559,1.6423314103,5.2223674773,4.8783572682,1.9990494201,0.9437702181
Germany,4.4745762619,2.6930564557,1.7061611497,1.4497255734,1.9393692065,0.911184533,0.5854336187,1.4402683258,1.9838568491,1.4208067158,1.0342233958,1.6657360868,1.546910747,1.5774292471,2.2983405862,2.6283830577,0.3127377254,1.1038085697,2.0751729187,2.0084911806,1.5047222791,0.9067970358,0.514421006,0.4917486205,1.5094965626,1.7321676648,1.4456670123,0.1448705311,3.06666667,6.8725743821,5.9464366773,2.2564981405,2.1717877124
Greece,14.4112677285,10.8740794321,8.9345139831,8.1945485957,5.5360031207,4.7662255856,2.6366384321,3.1511775289,3.3739664084,3.6293629354,3.5306507847,2.8988479789,3.5450730463,3.1959459622,2.89500102,4.1527963671,1.2100739444,4.7129815915,3.3298701696,1.5015197795,-0.9212718974,-1.3122424119,-1.7359023721,-0.8256575882,1.1212590333,0.6256204989,0.2529927585,-1.2479717067,1.22382564,9.6452611214,3.4648014697,2.7414964065,2.4816205451
Hungary,22.4642409089,18.8680791783,28.3054645669,23.4690312905,18.3050773803,14.1537895529,9.9977438981,9.8036078447,9.1168091168,5.2654482115,4.6610169576,6.7443467875,3.5615171213,3.9303260311,7.9587451692,6.0425125388,4.2117117117,4.8555579598,3.9299209837,5.652145171,1.7331998549,-0.2275662759,-0.0616446776,0.3947693042,2.3482428116,2.8502479284,3.3385863562,3.3267438553,5.110965346,14.6081439469,17.1249659679,3.7037037053,4.411984456
Iceland,4.0428501701,1.5526572643,1.6512318526,2.2604211601,1.8154311602,1.6592372361,3.2318311039,5.136474479,6.4050855597,5.1970231206,2.0556617521,3.1581953617,3.9870484497,6.6870736998,5.0515638417,12.6944019319,12.0031170501,5.3967316335,4.0010261725,5.1859003784,3.8722751233,2.0446189543,1.6330584821,1.6969302393,1.760412793,2.6829150814,3.0139767938,2.8479186969,4.4442433995,8.3087540981,8.7363059452,5.8568378756,4.0909147492
Ireland,1.4694201799,2.3091976554,2.524866102,1.755747815,1.5417995857,2.4076809393,1.629886058,5.5776326991,4.8528027904,4.6282051231,3.492219091,2.1785460669,2.4565469199,3.9357611402,4.88574538,4.0356883536,-4.4475468726,-0.9183886412,2.5489782936,1.6947411669,0.5150994849,0.1909164068,-0.3309597834,0.0201247655,0.3621730382,0.4711307177,0.9378429572,-0.3261836513,2.3403411385,7.8294573605,6.299424878,2.1134499924,2.2104478848
Israel,10.8838739915,12.2535509953,9.933899898,11.4585122976,8.9549938219,5.488753725,5.1897545927,1.0326364099,1.123028381,5.802345895,0.7076306169,-0.4215950346,1.3407032813,2.054079146,0.4662269775,4.5274476469,3.3676231772,2.7027027027,3.488372093,1.6755371614,1.5897634664,0.4675572596,-0.6173425814,-0.5351681995,0.249807844,0.8050603795,0.8176459441,-0.5752546284,1.4796547473,4.4116272625,4.225226028,3.0748088946,3.041413219
Italy,4.6267322288,4.051840774,5.2354229386,4.0069805565,2.0431055177,1.9550879446,1.6634578329,2.5376865347,2.7851654842,2.465320204,2.6725589303,2.2067363501,1.9852941186,2.0908435486,1.8297380602,3.347834302,0.7747681818,1.5255160788,2.7805732078,3.0413625356,1.2199921206,0.2410575411,0.0387867521,-0.094068854,1.2265331665,1.137487636,0.6112469438,-0.1377075772,1.8737832577,8.2012899182,5.6221944159,0.9823730231,1.5316682766
Japan,1.3,0.7,-0.1,0.1,1.8,0.6,-0.3,-0.7,-0.7,-0.9,-0.3,0,-0.3,0.3,0,1.4,-1.4,-0.7,-0.3,0,0.4,2.7,0.8,-0.1,0.4841997961,0.989094598,0.4687761627,-0.024995834,NA,NA,NA,NA,NA
Korea,4.8009965943,6.2658594933,4.4807410993,4.9245435426,4.4389318333,7.5135800812,0.8129572545,2.2591658063,4.0665758737,2.7622621133,3.5148745144,3.5906629791,2.7537916275,2.2423402942,2.5345738169,4.6738965511,2.7564965532,2.9392865264,4.0259650003,2.1870710406,1.3013475528,1.2747744568,0.7063317796,0.9716857399,1.9443323043,1.4758393466,0.3830003036,0.5372880268,2.49833333,5.089513654,3.5974562503,2.3217432834,2.1230942176
Latvia,108.9895519291,35.9247081232,24.9759324536,17.6104603899,8.4473927387,4.6442121464,2.3648148843,2.6542531504,2.4870437284,1.9388792688,2.9426433756,6.1923842457,6.7484515364,6.536199093,10.0929775849,15.4023191107,3.5341067248,-1.0846359537,4.3707356031,2.2577892472,-0.029454785,0.6204923234,0.1742414026,0.14063083,2.9303689978,2.5344597988,2.8114026301,0.2190610666,3.2758140912,17.3102894183,8.9380559769,1.2657977157,3.7457698179
Lithuania,410.4518589137,72.2546816622,39.647629029,24.6251953847,8.8810484729,5.0675538587,0.7275506315,0.9816154789,1.3671203034,0.2815066104,-1.1343085405,1.164102521,2.6584848405,3.7391200312,5.7371738327,10.9258856242,4.453044569,1.3192136132,4.1302756338,3.0899827704,1.0474793673,0.1037580094,-0.8840974022,0.9055250754,3.7228886229000002,2.6979277888,2.334509383,1.1998944498,4.6835442059,19.7050461518,9.1173196215,0.7157358396,3.7917051042
Luxembourg,3.5881044128,2.1947604088,1.8676978767,1.1838610404,1.3675113909,0.9585662686,1.0251941988,3.1507677382,2.6638223455,2.0740887269,2.0498404361,2.2256808154,2.4876927087,2.6663149459,2.312458618,3.4018796304,0.3680420054,2.2736791124,3.410683407,2.6628416587,1.7340396318,0.6285439888,0.4747431614,0.29083333,1.7307995979,1.5281952365,1.743320763,0.8199572958,2.5269200907,6.336008078,3.7414036228,2.0511326995,2.257238176
Mexico,9.7514603362,6.965813267,34.9992633411,34.3783842358,20.6256276245,15.9283923585,16.5856192206,9.4915599304,6.3677366725,5.0307325379,4.5468979404,4.6884071508,3.9880607381,3.6294632186,3.9668496289,5.1249816919,5.2973571229,4.1567278414,3.4073796158,4.1115085522,3.8063898148,4.0186172027,2.7206412598,2.8217077626,6.0414558179,4.8993509594,3.6359612213,3.3968341524,5.6892084799,7.8962761885,5.5279608759,NA,NA
Netherlands,2.5841816877,2.8015267162,1.9232197114,1.9493679005,2.1092456322,1.9591363132,2.1571791899,2.3605223334,4.1558412764,3.287531047,2.0919983816,1.2636473959,1.6881301827,1.1015010651,1.613858598,2.486501979,1.1897768665,1.275305703,2.3410701701,2.4555476566,2.5068985266,0.9760350763,0.6002481507,0.31666667,1.3814587107,1.7034979474,2.6336991057,1.2724603747,2.6757200912,10.001207875,3.8383935406,3.3475430396,3.2595766452
New Zealand,1.2882095762,1.7453761369,3.7549407792,2.2857142501,1.1871508232,1.2652403743,-0.1142662814,2.6152327886,2.6258206077,2.6770907142000002,1.7535763527,2.2902494233,3.0370206668,3.3654044615,2.3761433366,3.9589442513,2.1156558865,2.3020257678,4.0279027836,1.0599178031,1.1344178001,1.2275132656,0.2927033142,0.6462372203,1.8507870707,1.5982979499,1.6196319018,1.7145617001,3.9411206078,7.1722247602,5.7331628303,2.922797823,2.8397963181
Norway,2.2882693318,1.3756749704,2.4603677921,1.2625324916,2.566923359,2.2524133,2.3659673706,3.0855060866,3.0041970444,1.2867252841,2.4878255303,0.4544985064,1.5321336678,2.3293498117,0.7125890736,3.7539308137,2.1973858762,2.4189063947,1.2849515844,0.6968641115,2.1204862071,2.0417028635,2.1711366539,3.55,1.8751005987,2.7648313389,2.1677300331,1.2865849071,3.4838805587,5.7641231726,5.5178498712,3.1453013444,3.0556248492
Poland,2.7083333333,2.175,1.675,1.4416666667,1.0416666667,0.6833333333,0.7833333333,0.6916666667,0.3,0.0583333333,0.1416666667,0.3583333333,0.0583333333,0.1166666667,0.325,0.275,0.3,0.2583333333,0.3833333333,0.2083333333,0.0666666667,-0.075,-0.0583333333,0.075,0.1666666667,0.1,0.2666666667,0.1916666667,0.7,1.3,0.5,0.3833333333,0.1916666667
Portugal,6.7837799436,5.4204401899,4.2228161438,3.0689773217,2.3368629889,2.5727522568,2.3400949086,2.8530303973,4.3699033002,3.6003465772,3.2189909035,2.3653620483,2.2771639461,3.107665454,2.4539652881,2.5885065748,-0.8355300212,1.4025728979,3.6530109994,2.7733385412,0.2744166739,-0.2781533738,0.4879386304,0.60739707,1.3686141179,0.99371569,0.3381784086,-0.0124383341,1.2656571915,7.8326912415,4.3112819195,2.4161318718,2.3360162093
Slovak Republic,23.2870313664,13.4155184982,9.8410975741,5.7758324686,6.1419878333,6.6656474429,10.5704457626,12.0357767709,7.329630924,3.1271331568,8.5541430646,7.5485008789,2.7090849445,4.4833312121,2.7567237043,4.5981797686,1.615104644,0.9570181333,3.9192859915,3.6061026296,1.4004736929,-0.0761653318,-0.3252197799,-0.52001019,1.3119458823,2.5140371266,2.6645613276,1.9369412772,3.1496062974,12.7741463539,10.5319476702,2.7576090922,4.000428235
Slovenia,31.7621274191,20.9918161813,13.4637240068,9.8644566102,8.3596794388,7.8911656947,6.1555876886,8.9117450622,8.3796658754,7.4807777123,5.544164213,3.592975947,2.451501319,2.4579244461,3.6574956289,5.647423806,0.8392622504,1.8011702214,1.802851723,2.5974138568,1.7692008622,0.1993438266,-0.5255522924,-0.0549995417,1.4291074399,1.7386086198,1.630522601,-0.0548568158,1.9170650673,8.833698861,7.4468771798,1.9656265589,2.3728480776
Spain,4.5690722737,4.7184132289,4.6738036374,3.5588429597,1.9710778902,1.8343304777,2.3103455118,3.4335167613,3.5898335627,3.0656565603,3.0388883988,3.0392488064,3.3688140977,3.5155757727,2.786797458,4.0753433636,-0.2878130874,1.7998645734,3.1961018885,2.4461278311,1.4085810918,-0.1511148446,-0.5003657099,-0.2025980004,1.9560763337,1.6749813687,0.6995189945,-0.3227530139,3.0931351163,8.3905763481,3.5323613348,2.7741782593,2.6730665186
Sweden,4.7281730544,2.1581380081,2.4551485734,0.5331319769,0.6584102619,-0.2671326752,0.4621757603,0.8991437352,2.4059583362,2.158482136,1.9256553504,0.3736598332,0.4531708538,1.3602146817,2.2121688378,3.4370491019,-0.4944605436,1.1579880285,2.9611507314,0.8883775074,-0.0442929683,-0.1796384853,-0.0467847516,0.98426925,1.7944990378,1.9535353034,1.7841509812,0.4973673092,2.1631973733,8.3692909803,8.5486249029,2.8358165823,0.679869287
Switzerland,3.2926217991,0.8521169951,1.7998277649,0.8116340684,0.5202254227,0.0179384342,0.8064443846,1.5585291968,0.9890203298,0.6427115065,0.6382729274,0.802908731,1.1719542068,1.0595092798,0.7323506065,2.4260411672,-0.4804819332,0.6882387105,0.2313492011,-0.6925520149,-0.2173231584,-0.0132025388,-1.1439086657,-0.4346186643,0.5337878331,0.9363354675,0.3628861766,-0.7258749333,0.5818141685,2.8350279931,2.1354008769,1.0623404198,0.1543769814
Türkiye,66.0938428566,105.2150048809,89.1133074146,80.4121434913,85.6693681506,84.6413358009,64.867479201,54.915382416999996,54.4001840049,44.9641235621,21.6024370448,8.598261678,8.1791603644,9.5972421352,8.7561809064,10.4441283708,6.2509766367,8.5664442037,6.4718796674,8.8915699653,7.4930902977,8.8545727146,7.6708536519,7.77513415,11.1443110832,16.3324639042,15.1768215734,12.2789574463,19.5964926885,72.3088359916,53.8594087584,58.5064507285,34.8811629829
United Kingdom,2.5848142165,2.2047244094,2.6194144838,2.8528528529,2.1897810219,1.8571428571,1.8232819074,1.1019283747,1.6348773842,1.4745308311,1.321003963,1.4341590613,2.0565552699,2.5188916877,2.3341523342,3.481392557,1.9721577726,2.5028441411,3.884572697,2.5641025641,2.2916666667,1.4256619145,0.4016064257,1,2.5742574257,2.3166023166,1.6981132075,1.0204081633,2.479338843,7.9749103943,6.7219917012,3.3437013997,3.8374717833
United States,2.9516569732,2.6074415974,2.8054196876,2.9312041966,2.3376899367,1.5522790996,2.1880271913,3.3768572736,2.8261711218,1.5860316222,2.2700949726,2.6772366889,3.3927468509,3.2259441041,2.852672476,3.8391002971,-0.3555462622,1.6400434385,3.1568415704,2.0693372693,1.4648326519,1.6222229765,0.1186271372,1.2615832,2.13011001,2.4425833,1.812210067,1.2335843977,4.6978588682,8.0027998195,4.1163383838,2.9495252043,NA
