district,state_abb,state,house_rep_20,house_party_20,house_rep_22,house_party_22,house_rep_24,house_party_24,harris_24,trump_24,gerry_22,gerry_24,gerry_26
AK-00,AK,Alaska,Don Young,Republican,Mary Sattler Peltola,Democrat,Nick Begich,Republican,41.41,54.54,NA,NA,NA
AL-01,AL,Alabama,Jerry Carl,Republican,Jerry L Carl,Republican,Barry Moore,Republican,21.89,76.94,F,B,B
AL-02,AL,Alabama,Barry Moore,Republican,Barry Moore,Republican,Shomari Figures,Democrat,53.52,45.31,F,B,B
AL-03,AL,Alabama,Mike Rogers,Republican,Mike Rogers,Republican,Mike Rogers,Republican,26.18,72.71,F,B,B
AL-04,AL,Alabama,Robert B Aderholt,Republican,Robert B Aderholt,Republican,Robert B. Aderholt,Republican,15.96,83.02,F,B,B
AL-05,AL,Alabama,Mo Brooks,Republican,Dale Strong,Republican,Dale W. Strong,Republican,34.2,64.02,F,B,B
AL-06,AL,Alabama,Gary J Palmer,Republican,Gary J Palmer,Republican,Gary J. Palmer,Republican,29.68,68.47,F,B,B
AL-07,AL,Alabama,Terri A Sewell,Democrat,Terri A Sewell,Democrat,Terri A. Sewell,Democrat,61.45,37.5,F,B,B
AR-01,AR,Arkansas,"Eric A \""Rick\"" Crawford",Republican,Eric A ÂRickâ Crawford,Republican,"Eric A. \""Rick\"" Crawford",Republican,26.37,71.71,C,C,C
AR-02,AR,Arkansas,J French Hill,Republican,J French Hill,Republican,J. French Hill,Republican,40.99,56.6,C,C,C
AR-03,AR,Arkansas,Steve Womack,Republican,Steve Womack,Republican,Steve Womack,Republican,36.18,61.09,C,C,C
AR-04,AR,Arkansas,Bruce Westerman,Republican,Bruce Westerman,Republican,Bruce Westerman,Republican,29.11,69.05,C,C,C
AZ-01,AZ,Arizona,Tom O'halleran,Democrat,David Schweikert,Republican,David Schweikert,Republican,47.77,50.87,A,A,A
AZ-02,AZ,Arizona,Ann Kirkpatrick,Democrat,Eli Crane,Republican,Elijah Crane,Republican,41.96,56.91,A,A,A
AZ-03,AZ,Arizona,Raul M Grijalva,Democrat,Ruben Gallego,Democrat,Yassamin Ansari,Democrat,68.9,29.31,A,A,A
AZ-04,AZ,Arizona,Paul A Gosar,Republican,Greg Stanton,Democrat,Greg Stanton,Democrat,52.39,45.75,A,A,A
AZ-05,AZ,Arizona,Andy Biggs,Republican,Andy Biggs,Republican,Andy Biggs,Republican,39.32,59.22,A,A,A
AZ-06,AZ,Arizona,David Schweikert,Republican,Juan Ciscomani,Republican,Juan Ciscomani,Republican,48.9,49.65,A,A,A
AZ-07,AZ,Arizona,Ruben Gallego,Democrat,RaãL M Grijalva,Democrat,Raúl M. Grijalva,Democrat,60.31,38.24,A,A,A
AZ-08,AZ,Arizona,Debbie Lesko,Republican,Debbie Lesko,Republican,"Abraham \""Abe\"" Hamadeh",Republican,41.23,57.5,A,A,A
AZ-09,AZ,Arizona,Greg Stanton,Democrat,Paul Gosar,Republican,Paul A. Gosar,Republican,33.96,64.95,A,A,A
CA-01,CA,California,Doug Lamalfa,Republican,Doug Lamalfa,Republican,Doug Lamalfa,Republican,36.12,61.07,B,B,B
CA-02,CA,California,Jared Huffman,Democrat,Jared Huffman,Democrat,Jared Huffman,Democrat,70.88,25.72,B,B,B
CA-03,CA,California,John Garamendi,Democrat,Kevin Kiley,Republican,Kevin Kiley,Republican,46.52,50.33,B,B,B
CA-04,CA,California,Tom Mcclintock,Republican,Mike Thompson,Democrat,Mike Thompson,Democrat,64.04,32.82,B,B,B
CA-05,CA,California,Mike Thompson,Democrat,Tom Mcclintock,Republican,Tom Mcclintock,Republican,39.86,57.58,B,B,B
CA-06,CA,California,Doris O Matsui,Democrat,Ami Bera,Democrat,Ami Bera,Democrat,55.23,41.36,B,B,B
CA-07,CA,California,Ami Bera,Democrat,Doris O Matsui,Democrat,Doris O. Matsui,Democrat,63.1,33.35,B,B,B
CA-08,CA,California,Jay Obernolte,Republican,John Garamendi,Democrat,John Garamendi,Democrat,70.15,26.58,B,B,B
CA-09,CA,California,Jerry Mcnerney,Democrat,Josh Harder,Democrat,Josh Harder,Democrat,47.6,49.38,B,B,B
CA-10,CA,California,Josh Harder,Democrat,Mark Desaulnier,Democrat,Mark Desaulnier,Democrat,65.21,31.43,B,B,B
CA-11,CA,California,Mark Desaulnier,Democrat,Nancy Pelosi,Democrat,Nancy Pelosi,Democrat,81.8,14.08,B,B,B
CA-12,CA,California,Nancy Pelosi,Democrat,Barbara Lee,Democrat,Lateefah Simon,Democrat,84.54,10.64,B,B,B
CA-13,CA,California,Barbara Lee,Democrat,John Duarte,Republican,Adam Gray,Democrat,45.9,51.32,B,B,B
CA-14,CA,California,Jackie Speier,Democrat,Eric Swalwell,Democrat,Eric Swalwell,Democrat,65.78,30.35,B,B,B
CA-15,CA,California,Eric Swalwell,Democrat,Kevin Mullin,Democrat,Kevin Mullin,Democrat,72.19,24.3,B,B,B
CA-16,CA,California,Jim Costa,Democrat,Anna G Eshoo,Democrat,Sam Liccardo,Democrat,72.47,23.95,B,B,B
CA-17,CA,California,Ro Khanna,Democrat,Ro Khanna,Democrat,Ro Khanna,Democrat,66.75,28.85,B,B,B
CA-18,CA,California,Anna G Eshoo,Democrat,Zoe Lofgren,Democrat,Zoe Lofgren,Democrat,63.19,33.68,B,B,B
CA-19,CA,California,Zoe Lofgren,Democrat,Jimmy Panetta,Democrat,Jimmy Panetta,Democrat,65.44,31.05,B,B,B
CA-20,CA,California,Jimmy Panetta,Democrat,Kevin Mccarthy,Republican,Vince Fong,Republican,33.69,64.01,B,B,B
CA-21,CA,California,David G Valadao,Republican,Jim Costa,Democrat,Jim Costa,Democrat,50.57,46.79,B,B,B
CA-22,CA,California,Devin Nunes,Republican,David G Valadao,Republican,David G. Valadao,Republican,45.77,51.6,B,B,B
CA-23,CA,California,Kevin Mccarthy,Republican,Jay Obernolte,Republican,Jay Obernolte,Republican,40.24,57.09,B,B,B
CA-24,CA,California,Salud O Carbajal,Democrat,Salud O Carbajal,Democrat,Salud O. Carbajal,Democrat,60.96,35.92,B,B,B
CA-25,CA,California,Mike Garcia,Republican,Raul Ruiz,Democrat,Raul Ruiz,Democrat,50.07,47.59,B,B,B
CA-26,CA,California,Julia Brownley,Democrat,Julia Brownley,Democrat,Julia Brownley,Democrat,55.17,42.01,B,B,B
CA-27,CA,California,Judy Chu,Democrat,Mike Garcia,Republican,George Whitesides,Democrat,50.47,46.58,B,B,B
CA-28,CA,California,Adam B Schiff,Democrat,Judy Chu,Democrat,Judy Chu,Democrat,61.8,34.87,B,B,B
CA-29,CA,California,Tony Cardenas,Democrat,Tony CãRdenas,Democrat,Luz Maria Rivas,Democrat,65.83,31.03,B,B,B
CA-30,CA,California,Brad Sherman,Democrat,Adam B Schiff,Democrat,Laura Friedman,Democrat,68.81,27.75,B,B,B
CA-31,CA,California,Pete Aguilar,Democrat,Grace F Napolitano,Democrat,Gil Cisneros,Democrat,56.95,40.04,B,B,B
CA-32,CA,California,Grace F Napolitano,Democrat,Brad Sherman,Democrat,Brad Sherman,Democrat,64.21,32.86,B,B,B
CA-33,CA,California,Ted Lieu,Democrat,Pete Aguilar,Democrat,Pete Aguilar,Democrat,52.92,44.18,B,B,B
CA-34,CA,California,Jimmy Gomez,Democrat,Jimmy Gomez,Democrat,Jimmy Gomez,Democrat,73.06,22.42,B,B,B
CA-35,CA,California,Norma J Torres,Democrat,Norma J Torres,Democrat,Norma J. Torres,Democrat,53.67,43.39,B,B,B
CA-36,CA,California,Raul Ruiz,Democrat,Ted Lieu,Democrat,Ted Lieu,Democrat,67.92,28.81,B,B,B
CA-37,CA,California,Karen Bass,Democrat,Sydney Kamlager,Democrat,Sydney Kamlager-Dove,Democrat,78.66,18.27,B,B,B
CA-38,CA,California,Linda T Sanchez,Democrat,Linda T SãNchez,Democrat,Linda T. Sánchez,Democrat,56.48,40.4,B,B,B
CA-39,CA,California,Young Kim,Republican,Mark Takano,Democrat,Mark Takano,Democrat,53.31,43.62,B,B,B
CA-40,CA,California,Lucille Roybal-Allard,Democrat,Young Kim,Republican,Young Kim,Republican,47.18,49.5,B,B,B
CA-41,CA,California,Mark Takano,Democrat,Ken Calvert,Republican,Ken Calvert,Republican,45.73,51.66,B,B,B
CA-42,CA,California,Ken Calvert,Republican,Robert Garcia,Democrat,Robert Garcia,Democrat,64.48,32.05,B,B,B
CA-43,CA,California,Maxine Waters,Democrat,Maxine Waters,Democrat,Maxine Waters,Democrat,72.88,23.91,B,B,B
CA-44,CA,California,Nanette Diaz Barragan,Democrat,Nanette Diaz BarragãN,Democrat,Nanette Diaz Barragán,Democrat,65.33,31.51,B,B,B
CA-45,CA,California,Katie Porter,Democrat,Michelle Steel,Republican,Derek Tran,Democrat,49.29,47.76,B,B,B
CA-46,CA,California,J Luis Correa,Democrat,J Luis Correa,Democrat,J. Luis Correa,Democrat,57.32,39.6,B,B,B
CA-47,CA,California,Alan S Lowenthal,Democrat,Katie Porter,Democrat,Dave Min,Democrat,50.33,46.16,B,B,B
CA-48,CA,California,Michelle Steel,Republican,Darrell Issa,Republican,Darrell Issa,Republican,41.11,56.42,B,B,B
CA-49,CA,California,Mike Levin,Democrat,Mike Levin,Democrat,Mike Levin,Democrat,52.47,44.71,B,B,B
CA-50,CA,California,Darrell Issa,Republican,Scott H Peters,Democrat,Scott H. Peters,Democrat,63.1,33.54,B,B,B
CA-51,CA,California,Juan Vargas,Democrat,Sara Jacobs,Democrat,Sara Jacobs,Democrat,60.21,36.71,B,B,B
CA-52,CA,California,Scott H Peters,Democrat,Juan Vargas,Democrat,Juan Vargas,Democrat,59.27,38.08,B,B,B
CA-53,CA,California,Sara Jacobs,Democrat,NA,NA,NA,NA,NA,NA,B,B,B
CO-01,CO,Colorado,Diana Degette,Democrat,Diana Degette,Democrat,Diana Degette,Democrat,76.52,20.58,A,A,A
CO-02,CO,Colorado,Joe Neguse,Democrat,Joe Neguse,Democrat,Joe Neguse,Democrat,68.48,28.71,A,A,A
CO-03,CO,Colorado,Lauren Boebert,Republican,Lauren Boebert,Republican,Jeff Hurd,Republican,43.89,53.62,A,A,A
CO-04,CO,Colorado,Ken Buck,Republican,Ken Buck,Republican,Lauren Boebert,Republican,39.64,57.89,A,A,A
CO-05,CO,Colorado,Doug Lamborn,Republican,Doug Lamborn,Republican,Jeff Crank,Republican,44.08,53.16,A,A,A
CO-06,CO,Colorado,Jason Crow,Democrat,Jason Crow,Democrat,Jason Crow,Democrat,58.45,38.67,A,A,A
CO-07,CO,Colorado,Ed Perlmutter,Democrat,Brittany Pettersen,Democrat,Brittany Pettersen,Democrat,56.1,41.11,A,A,A
CO-08,CO,Colorado,NA,NA,Yadira Caraveo,Democrat,Gabe Evans,Republican,47.73,49.56,A,A,A
CT-01,CT,Connecticut,John B Larson,Democrat,John B Larson,Democrat,John B. Larson,Democrat,60.59,37.71,A,A,A
CT-02,CT,Connecticut,Joe Courtney,Democrat,Joe Courtney,Democrat,Joe Courtney,Democrat,53.01,45.29,A,A,A
CT-03,CT,Connecticut,Rosa L Delauro,Democrat,Rosa L Delauro,Democrat,Rosa L. Delauro,Democrat,56.05,41.99,A,A,A
CT-04,CT,Connecticut,James A Himes,Democrat,James A Himes,Democrat,James A. Himes,Democrat,60.89,37.53,A,A,A
CT-05,CT,Connecticut,Jahana Hayes,Democrat,Jahana Hayes,Democrat,Jahana Hayes,Democrat,51.99,46.41,A,A,A
DE-00,DE,Delaware,Lisa Blunt Rochester,Democrat,Lisa Blunt Rochester,Democrat,Sarah Mcbride,Democrat,56.63,41.89,NA,NA,NA
FL-01,FL,Florida,Matt Gaetz,Republican,Matt Gaetz,Republican,Matt Gaetz,Republican,30.88,68.1,F,F,F
FL-02,FL,Florida,Neal P Dunn,Republican,Neal P Dunn,Republican,Neal P. Dunn,Republican,40.48,58.55,F,F,F
FL-03,FL,Florida,Kat Cammack,Republican,Kat Cammack,Republican,Kat Cammack,Republican,38.93,60.04,F,F,F
FL-04,FL,Florida,John H Rutherford,Republican,Aaron Bean,Republican,Aaron Bean,Republican,43.49,55.32,F,F,F
FL-05,FL,Florida,Al Lawson Jr,Democrat,John H Rutherford,Republican,John H. Rutherford,Republican,38.52,59.85,F,F,F
FL-06,FL,Florida,Michael Waltz,Republican,Michael Waltz,Republican,Michael Waltz,Republican,34.5,64.52,F,F,F
FL-07,FL,Florida,Stephanie N Murphy,Democrat,Cory Mills,Republican,Cory Mills,Republican,43.11,55.62,F,F,F
FL-08,FL,Florida,Bill Posey,Republican,Bill Posey,Republican,Mike Haridopolos,Republican,38.35,60.72,F,F,F
FL-09,FL,Florida,Darren Soto,Democrat,Darren Soto,Democrat,Darren Soto,Democrat,51.17,47.65,F,F,F
FL-10,FL,Florida,Val Butler Demings,Democrat,Maxwell Alejandro Frost,Democrat,Maxwell Frost,Democrat,60.43,37.82,F,F,F
FL-11,FL,Florida,Daniel Webster,Republican,Daniel Webster,Republican,Daniel Webster,Republican,41.34,57.58,F,F,F
FL-12,FL,Florida,Gus M Bilirakis,Republican,Gus M Bilirakis,Republican,Gus M. Bilirakis,Republican,32.24,66.77,F,F,F
FL-13,FL,Florida,Charlie Crist,Democrat,Anna Paulina Luna,Republican,Anna Paulina Luna,Republican,43.41,55.22,F,F,F
FL-14,FL,Florida,Kathy Castor,Democrat,Kathy Castor,Democrat,Kathy Castor,Democrat,53.01,45.38,F,F,F
FL-15,FL,Florida,Scott Franklin,Republican,Laurel Lee,Republican,Laurel M. Lee,Republican,43.52,54.68,F,F,F
FL-16,FL,Florida,Vern Buchanan,Republican,Vern Buchanan,Republican,Vern Buchanan,Republican,41.71,57.23,F,F,F
FL-17,FL,Florida,W Gregory Steube,Republican,W Gregory Steube,Republican,W. Gregory Steube,Republican,37.68,61.6,F,F,F
FL-18,FL,Florida,Brian J Mast,Republican,C Scott Franklin,Republican,Scott Franklin,Republican,34.9,64.33,F,F,F
FL-19,FL,Florida,Byron Donalds,Republican,Byron Donalds,Republican,Byron Donalds,Republican,34.92,63.97,F,F,F
FL-20,FL,Florida,Alcee L Hastings,Democrat,Sheila Cherfilus-Mccormick,Democrat,Sheila Cherfilus-Mccormick,Democrat,69.26,29.57,F,F,F
FL-21,FL,Florida,Lois Frankel,Democrat,Brian J Mast,Republican,Brian J. Mast,Republican,41.19,57.69,F,F,F
FL-22,FL,Florida,Theodore E Deutch,Democrat,Lois Frankel,Democrat,Lois Frankel,Democrat,52.17,46.62,F,F,F
FL-23,FL,Florida,Debbie Wasserman Schultz,Democrat,Jared Moskowitz,Democrat,Jared Moskowitz,Democrat,50.31,48.43,F,F,F
FL-24,FL,Florida,Frederica S Wilson,Democrat,Frederica S Wilson,Democrat,Frederica S. Wilson,Democrat,64.38,34.43,F,F,F
FL-25,FL,Florida,Mario Diaz-Balart,Republican,Debbie Wasserman Schultz,Democrat,Debbie Wasserman Schultz,Democrat,51.98,46.69,F,F,F
FL-26,FL,Florida,Carlos Gimenez,Republican,Mario Diaz-Balart,Republican,Mario Diaz-Balart,Republican,32.11,66.99,F,F,F
FL-27,FL,Florida,Maria Elvira Salazar,Republican,Maria Elvira Salazar,Republican,Maria Elvira Salazar,Republican,42.12,56.73,F,F,F
FL-28,FL,Florida,NA,NA,Carlos A Gimenez,Republican,Carlos A. Gimenez,Republican,36.86,62.22,F,F,F
GA-01,GA,Georgia,"Earl L \""Buddy\"" Carter",Republican,Earl L ÂBuddyâ Carter,Republican,"Earl L. \""Buddy\"" Carter",Republican,41.96,57.62,F,F,F
GA-02,GA,Georgia,Sanford D Bishop Jr,Democrat,"Sanford D Bishop, Jr",Democrat,"Sanford D. Bishop, Jr.",Democrat,53.64,46.15,F,F,F
GA-03,GA,Georgia,A Drew Ferguson Iv,Republican,A Drew Ferguson Iv,Republican,Brian Jack,Republican,34.27,65.23,F,F,F
GA-04,GA,Georgia,"Henry C \""Hank\"" Johnson Jr",Democrat,"Henry C ÂHankâ Johnson, Jr",Democrat,"Henry C. \""Hank\"" Johnson, Jr.",Democrat,75.57,23.37,F,F,F
GA-05,GA,Georgia,Nikema Williams,Democrat,Nikema Williams,Democrat,Nikema Williams,Democrat,85.56,13.47,F,F,F
GA-06,GA,Georgia,Lucy Mcbath,Democrat,Rich Mccormick,Republican,Lucy Mcbath,Democrat,74.62,24.63,F,F,F
GA-07,GA,Georgia,Carolyn Bourdeaux,Democrat,Lucy Mcbath,Democrat,Richard Mccormick,Republican,38.86,59.96,F,F,F
GA-08,GA,Georgia,Austin Scott,Republican,Austin Scott,Republican,Austin Scott,Republican,34.23,65.54,F,F,F
GA-09,GA,Georgia,Andrew Clyde,Republican,Andrew S Clyde,Republican,Andrew S. Clyde,Republican,32.22,67.14,F,F,F
GA-10,GA,Georgia,Jody B Hice,Republican,Mike Collins,Republican,Mike Collins,Republican,38.81,60.66,F,F,F
GA-11,GA,Georgia,Barry Loudermilk,Republican,Barry Loudermilk,Republican,Barry Loudermilk,Republican,37.68,61.4,F,F,F
GA-12,GA,Georgia,Rick W Allen,Republican,Rick W Allen,Republican,Rick W. Allen,Republican,42.8,56.86,F,F,F
GA-13,GA,Georgia,David Scott,Democrat,David Scott,Democrat,David Scott,Democrat,70.72,28.34,F,F,F
GA-14,GA,Georgia,Marjorie Taylor Greene,Republican,Marjorie Taylor Greene,Republican,Marjorie Taylor Greene,Republican,31.05,68.41,F,F,F
HI-01,HI,Hawaii,Ed Case,Democrat,Ed Case,Democrat,Ed Case,Democrat,61.5,36.77,NA,NA,NA
HI-02,HI,Hawaii,"Kaialii \""Kai\"" Kahele",Democrat,Jill N Tokuda,Democrat,Jill N. Tokuda,Democrat,59.74,38.14,NA,NA,NA
IA-01,IA,Iowa,Ashley Hinson,Republican,Mariannette Miller-Meeks,Republican,Mariannette Miller-Meeks,Republican,45.04,53.5,B,B,B
IA-02,IA,Iowa,Mariannette Miller-Meeks,Republican,Ashley Hinson,Republican,Ashley Hinson,Republican,44.32,54.31,B,B,B
IA-03,IA,Iowa,Cynthia Axne,Democrat,Zach Nunn,Republican,Zachary Nunn,Republican,47.15,51.55,B,B,B
IA-04,IA,Iowa,Randy Feenstra,Republican,Randy Feenstra,Republican,Randy Feenstra,Republican,33.6,65.08,B,B,B
ID-01,ID,Idaho,Russ Fulcher,Republican,Russ Fulcher,Republican,Russ Fulcher,Republican,26.24,71.3,A,A,A
ID-02,ID,Idaho,Michael K Simpson,Republican,Michael K Simpson,Republican,Michael K. Simpson,Republican,35.12,61.84,A,A,A
IL-01,IL,Illinois,Bobby L Rush,Democrat,Jonathan L Jackson,Democrat,Jonathan L. Jackson,Democrat,65.37,33.36,F,F,F
IL-02,IL,Illinois,Robin L Kelly,Democrat,Robin L Kelly,Democrat,Robin L. Kelly,Democrat,65.88,32.75,F,F,F
IL-03,IL,Illinois,Marie Newman,Democrat,Delia Ramirez,Democrat,Delia C. Ramirez,Democrat,64.72,33.53,F,F,F
IL-04,IL,Illinois,"Jesus G \""Chuy\"" Garcia",Democrat,JesãS G ÂChuyâ GarcãA,Democrat,"Jesús G. \""Chuy\"" García",Democrat,63.31,35.01,F,F,F
IL-05,IL,Illinois,Mike Quigley,Democrat,Mike Quigley,Democrat,Mike Quigley,Democrat,68.01,30.79,F,F,F
IL-06,IL,Illinois,Sean Casten,Democrat,Sean Casten,Democrat,Sean Casten,Democrat,51.65,46.16,F,F,F
IL-07,IL,Illinois,Danny K Davis,Democrat,Danny K Davis,Democrat,Danny K. Davis,Democrat,82.18,16.69,F,F,F
IL-08,IL,Illinois,Raja Krishnamoorthi,Democrat,Raja Krishnamoorthi,Democrat,Raja Krishnamoorthi,Democrat,52.83,45.87,F,F,F
IL-09,IL,Illinois,Janice D Schakowsky,Democrat,Janice D Schakowsky,Democrat,Janice D. Schakowsky,Democrat,67.7,31.18,F,F,F
IL-10,IL,Illinois,Bradley Scott Schneider,Democrat,Bradley Scott Schneider,Democrat,Bradley Scott Schneider,Democrat,60.34,38.32,F,F,F
IL-11,IL,Illinois,Bill Foster,Democrat,Bill Foster,Democrat,Bill Foster,Democrat,54.97,43.57,F,F,F
IL-12,IL,Illinois,Mike Bost,Republican,Mike Bost,Republican,Mike Bost,Republican,27.51,70.99,F,F,F
IL-13,IL,Illinois,Rodney Davis,Republican,Nikki Budzinski,Democrat,Nikki Budzinski,Democrat,54.5,43.85,F,F,F
IL-14,IL,Illinois,Lauren Underwood,Democrat,Lauren Underwood,Democrat,Lauren Underwood,Democrat,51.75,46.56,F,F,F
IL-15,IL,Illinois,Mary Miller,Republican,Mary E Miller,Republican,Mary E. Miller,Republican,29.26,69.17,F,F,F
IL-16,IL,Illinois,Adam Kinzinger,Republican,Darin Lahood,Republican,Darin Lahood,Republican,37.79,60.53,F,F,F
IL-17,IL,Illinois,Cheri Bustos,Democrat,Eric Sorensen,Democrat,Eric Sorensen,Democrat,51.45,46.64,F,F,F
IL-18,IL,Illinois,Darin Lahood,Republican,NA,NA,NA,NA,NA,NA,F,F,F
IN-01,IN,Indiana,Frank J Mrvan,Democrat,Frank J Mrvan,Democrat,Frank J. Mrvan,Democrat,49.63,49.29,A,A,A
IN-02,IN,Indiana,Jackie Walorski,Republican,Rudolph ÂRudyâ Yakym Iii,Republican,Rudy Yakym Iii,Republican,35.9,62.34,A,A,A
IN-03,IN,Indiana,Jim Banks,Republican,Jim Banks,Republican,Marlin A. Stutzman,Republican,34.14,65.75,A,A,A
IN-04,IN,Indiana,James R Baird,Republican,James R Baird,Republican,James R. Baird,Republican,35.1,64.84,A,A,A
IN-05,IN,Indiana,Victoria Spartz,Republican,Victoria Spartz,Republican,Victoria Spartz,Republican,40.47,57.2,A,A,A
IN-06,IN,Indiana,Greg Pence,Republican,Greg Pence,Republican,Jefferson Shreve,Republican,33.45,66.55,A,A,A
IN-07,IN,Indiana,Andre Carson,Democrat,Andrã Carson,Democrat,André Carson,Democrat,69.75,28.38,A,A,A
IN-08,IN,Indiana,Larry Bucshon,Republican,Larry Bucshon,Republican,Mark Messmer,Republican,31.76,68.26,A,A,A
IN-09,IN,Indiana,Trey Hollingsworth,Republican,Erin Houchin,Republican,Erin Houchin,Republican,34.81,65.19,A,A,A
KS-01,KS,Kansas,Tracey Mann,Republican,Tracey Mann,Republican,Tracey Mann,Republican,33.45,64.72,F,F,F
KS-02,KS,Kansas,Jake Laturner,Republican,Jake Laturner,Republican,Derek Schmidt,Republican,39.21,58.89,F,F,F
KS-03,KS,Kansas,Sharice Davids,Democrat,Sharice Davids,Democrat,Sharice Davids,Democrat,51.16,47.06,F,F,F
KS-04,KS,Kansas,Ron Estes,Republican,Ron Estes,Republican,Ron Estes,Republican,37.5,60.79,F,F,F
KY-01,KY,Kentucky,James Comer,Republican,James Comer,Republican,James Comer,Republican,25.71,72.99,A,A,A
KY-02,KY,Kentucky,Brett Guthrie,Republican,Brett Guthrie,Republican,Brett Guthrie,Republican,28.61,69.92,A,A,A
KY-03,KY,Kentucky,John A Yarmuth,Democrat,Morgan Mcgarvey,Democrat,Morgan Mcgarvey,Democrat,58.53,39.62,A,A,A
KY-04,KY,Kentucky,Thomas Massie,Republican,Thomas Massie,Republican,Thomas Massie,Republican,31.37,66.91,A,A,A
KY-05,KY,Kentucky,Harold Rogers,Republican,Harold Rogers,Republican,Harold Rogers,Republican,17.45,81.32,A,A,A
KY-06,KY,Kentucky,Andy Barr,Republican,Andy Barr,Republican,Andy Barr,Republican,41.52,56.54,A,A,A
LA-01,LA,Louisiana,Steve Scalise,Republican,Steve Scalise,Republican,Steve Scalise,Republican,29.99,68.16,F,F,C
LA-02,LA,Louisiana,Cedric L Richmond,Democrat,Troy A Carter,Democrat,Troy A. Carter,Democrat,64.7,33.35,F,F,C
LA-03,LA,Louisiana,Clay Higgins,Republican,Clay Higgins,Republican,Clay Higgins,Republican,26.82,71.84,F,F,C
LA-04,LA,Louisiana,Mike Johnson,Republican,Mike Johnson,Republican,Mike Johnson,Republican,23.23,75.56,F,F,C
LA-05,LA,Louisiana,Luke J Letlow,Republican,Julia Letlow,Republican,Julia Letlow,Republican,31.06,67.44,F,F,C
LA-06,LA,Louisiana,Garret Graves,Republican,Garret Graves,Republican,Cleo Fields,Democrat,56.64,41.8,F,F,C
MA-01,MA,Massachusetts,Richard E Neal,Democrat,Richard E Neal,Democrat,Richard E. Neal,Democrat,55.63,41.86,A,A,A
MA-02,MA,Massachusetts,James P Mcgovern,Democrat,James P Mcgovern,Democrat,James P. Mcgovern,Democrat,60.26,36.71,A,A,A
MA-03,MA,Massachusetts,Lori Trahan,Democrat,Lori Trahan,Democrat,Lori Trahan,Democrat,58.1,39.27,A,A,A
MA-04,MA,Massachusetts,Jake Auchincloss,Democrat,Jake Auchincloss,Democrat,Jake Auchincloss,Democrat,58.44,38.86,A,A,A
MA-05,MA,Massachusetts,Katherine M Clark,Democrat,Katherine M Clark,Democrat,Katherine M. Clark,Democrat,70.85,25.97,A,A,A
MA-06,MA,Massachusetts,Seth Moulton,Democrat,Seth Moulton,Democrat,Seth Moulton,Democrat,59.04,38.47,A,A,A
MA-07,MA,Massachusetts,Ayanna Pressley,Democrat,Ayanna Pressley,Democrat,Ayanna Pressley,Democrat,79.46,16.73,A,A,A
MA-08,MA,Massachusetts,Stephen F Lynch,Democrat,Stephen F Lynch,Democrat,Stephen F. Lynch,Democrat,61.72,35.49,A,A,A
MA-09,MA,Massachusetts,William R Keating,Democrat,William R Keating,Democrat,William R. Keating,Democrat,54.29,43.58,A,A,A
MD-01,MD,Maryland,Andy Harris,Republican,Andy Harris,Republican,Andy Harris,Republican,40.17,56.99,A,A,A
MD-02,MD,Maryland,C A Dutch Ruppersberger,Democrat,C A Dutch Ruppersberger,Democrat,"John \""Johnny O\"" Olszewski, Jr.",Democrat,57.48,39.17,A,A,A
MD-03,MD,Maryland,John P Sarbanes,Democrat,John P Sarbanes,Democrat,Sarah Elfreth,Democrat,59.84,36.3,A,A,A
MD-04,MD,Maryland,Anthony G Brown,Democrat,Glenn F Ivey,Democrat,Glenn Ivey,Democrat,85,11.77,A,A,A
MD-05,MD,Maryland,Steny H Hoyer,Democrat,Steny H Hoyer,Democrat,Steny H. Hoyer,Democrat,65.11,32.03,A,A,A
MD-06,MD,Maryland,David J Trone,Democrat,David J Trone,Democrat,April Mcclain Delaney,Democrat,51.25,45.51,A,A,A
MD-07,MD,Maryland,Kweisi Mfume,Democrat,Kweisi Mfume,Democrat,Kweisi Mfume,Democrat,77.68,19.12,A,A,A
MD-08,MD,Maryland,Jamie Raskin,Democrat,Jamie Raskin,Democrat,Jamie Raskin,Democrat,76.01,20.17,A,A,A
ME-01,ME,Maine,Chellie Pingree,Democrat,Chellie Pingree,Democrat,Chellie Pingree,Democrat,59.78,37.97,B,B,B
ME-02,ME,Maine,Jared F Golden,Democrat,Jared F Golden,Democrat,Jared F. Golden,Democrat,44.22,53.75,B,B,B
MI-01,MI,Michigan,Jack Bergman,Republican,Jack Bergman,Republican,Jack Bergman,Republican,38.65,59.89,A,A,A
MI-02,MI,Michigan,Bill Huizenga,Republican,John R Moolenaar,Republican,John R. Moolenaar,Republican,34.3,64.18,A,A,A
MI-03,MI,Michigan,Peter Meijer,Republican,Hillary Scholten,Democrat,Hillary J. Scholten,Democrat,52.96,45.12,A,A,A
MI-04,MI,Michigan,John R Moolenaar,Republican,Bill Huizenga,Republican,Bill Huizenga,Republican,46.25,51.92,A,A,A
MI-05,MI,Michigan,Daniel T Kildee,Democrat,Tim Walberg,Republican,Tim Walberg,Republican,35.63,62.71,A,A,A
MI-06,MI,Michigan,Fred Upton,Republican,Debbie Dingell,Democrat,Debbie Dingell,Democrat,60.12,36.93,A,A,A
MI-07,MI,Michigan,Tim Walberg,Republican,Elissa Slotkin,Democrat,Tom Barrett,Republican,48.53,49.82,A,A,A
MI-08,MI,Michigan,Elissa Slotkin,Democrat,Daniel T Kildee,Democrat,Kristen Mcdonald Rivet,Democrat,48.21,50.2,A,A,A
MI-09,MI,Michigan,Andy Levin,Democrat,Lisa Mcclain,Republican,Lisa C. Mcclain,Republican,33.17,65.5,A,A,A
MI-10,MI,Michigan,Lisa Mcclain,Republican,John James,Republican,John James,Republican,45.69,52.24,A,A,A
MI-11,MI,Michigan,Haley M Stevens,Democrat,Haley M Stevens,Democrat,Haley M. Stevens,Democrat,57.06,40.96,A,A,A
MI-12,MI,Michigan,Debbie Dingell,Democrat,Rashida Tlaib,Democrat,Rashida Tlaib,Democrat,66.57,28.88,A,A,A
MI-13,MI,Michigan,Rashida Tlaib,Democrat,Shri Thanedar,Democrat,Shri Thanedar,Democrat,69.42,28.04,A,A,A
MI-14,MI,Michigan,Brenda L Lawrence,Democrat,NA,NA,NA,NA,NA,NA,A,A,A
MN-01,MN,Minnesota,Jim Hagedorn,Republican,Brad Finstad,Republican,Brad Finstad,Republican,43.06,55.06,A,A,A
MN-02,MN,Minnesota,Angie Craig,Democrat,Angie Craig,Democrat,Angie Craig,Democrat,51.92,46.09,A,A,A
MN-03,MN,Minnesota,Dean Phillips,Democrat,Dean Phillips,Democrat,Kelly Morrison,Democrat,59.57,38.31,A,A,A
MN-04,MN,Minnesota,Betty Mccollum,Democrat,Betty Mccollum,Democrat,Betty Mccollum,Democrat,66.75,31.07,A,A,A
MN-05,MN,Minnesota,Ilhan Omar,Democrat,Ilhan Omar,Democrat,Ilhan Omar,Democrat,79.61,17.75,A,A,A
MN-06,MN,Minnesota,Tom Emmer,Republican,Tom Emmer,Republican,Tom Emmer,Republican,39.18,58.85,A,A,A
MN-07,MN,Minnesota,Michelle Fischbach,Republican,Michelle Fischbach,Republican,Michelle Fischbach,Republican,30.93,67.41,A,A,A
MN-08,MN,Minnesota,Pete Stauber,Republican,Pete Stauber,Republican,Pete Stauber,Republican,42.03,56.32,A,A,A
MO-01,MO,Missouri,Cori Bush,Democrat,Cori Bush,Democrat,Wesley Bell,Democrat,77.65,20.53,A,A,F
MO-02,MO,Missouri,Ann Wagner,Republican,Ann Wagner,Republican,Ann Wagner,Republican,45.19,53.1,A,A,F
MO-03,MO,Missouri,Blaine Luetkemeyer,Republican,Blaine Luetkemeyer,Republican,Bob Onder,Republican,35.88,62.66,A,A,F
MO-04,MO,Missouri,Vicky Hartzler,Republican,Mark Alford,Republican,Mark Alford,Republican,28.21,70.51,A,A,F
MO-05,MO,Missouri,Emanuel Cleaver,Democrat,Emanuel Cleaver,Democrat,Emanuel Cleaver,Democrat,60.69,37.53,A,A,F
MO-06,MO,Missouri,Sam Graves,Republican,Sam Graves,Republican,Sam Graves,Republican,29.97,68.83,A,A,F
MO-07,MO,Missouri,Billy Long,Republican,Eric Burlison,Republican,Eric Burlison,Republican,28.09,70.68,A,A,F
MO-08,MO,Missouri,Jason Smith,Republican,Jason Smith,Republican,Jason Smith,Republican,22.52,76.5,A,A,F
MS-01,MS,Mississippi,Trent Kelly,Republican,Trent Kelly,Republican,Trent Kelly,Republican,30.82,67.85,C,C,C
MS-02,MS,Mississippi,Bennie G Thompson,Democrat,Bennie G Thompson,Democrat,Bennie G. Thompson,Democrat,59.68,39.29,C,C,C
MS-03,MS,Mississippi,Michael Guest,Republican,Michael Guest,Republican,Michael Guest,Republican,34.49,63.68,C,C,C
MS-04,MS,Mississippi,Steven M Palazzo,Republican,Mike Ezell,Republican,Mike Ezell,Republican,28.19,70.72,C,C,C
MT-00,MT,Montana,Matt Rosendale,Republican,NA,NA,NA,NA,NA,NA,A,A,A
MT-01,MT,Montana,NA,NA,Ryan K Zinke,Republican,Ryan K. Zinke,Republican,42.67,54.21,A,A,A
MT-02,MT,Montana,NA,NA,"Matthew M Rosendale, Sr",Republican,Troy Downing,Republican,33.64,63.18,A,A,A
NC-01,NC,North Carolina,G K Butterfield,Democrat,Don Davis,Democrat,Donald G. Davis,Democrat,47.97,51.06,B,F,F
NC-02,NC,North Carolina,Deborah K Ross,Democrat,Deborah K Ross,Democrat,Deborah K. Ross,Democrat,66.21,31.92,B,F,F
NC-03,NC,North Carolina,Gregory F Murphy,Republican,Gregory F Murphy,Republican,Gregory F. Murphy,Republican,38.52,60.33,B,F,F
NC-04,NC,North Carolina,David E Price,Democrat,Valerie P Foushee,Democrat,Valerie P. Foushee,Democrat,71.81,26.53,B,F,F
NC-05,NC,North Carolina,Virginia Foxx,Republican,Virginia Foxx,Republican,Virginia Foxx,Republican,40.4,58.22,B,F,F
NC-06,NC,North Carolina,Kathy Manning,Democrat,Kathy E Manning,Democrat,Addison Mcdowell,Republican,41.1,58.11,B,F,F
NC-07,NC,North Carolina,David Rouzer,Republican,David Rouzer,Republican,David Rouzer,Republican,42.52,56.31,B,F,F
NC-08,NC,North Carolina,Richard Hudson,Republican,Dan Bishop,Republican,Mark Harris,Republican,39.58,59.14,B,F,F
NC-09,NC,North Carolina,Dan Bishop,Republican,Richard Hudson,Republican,Richard Hudson,Republican,41.71,57.5,B,F,F
NC-10,NC,North Carolina,Patrick T Mchenry,Republican,Patrick T Mchenry,Republican,Pat Harrigan,Republican,40.51,58.18,B,F,F
NC-11,NC,North Carolina,Madison Cawthorn,Republican,Chuck Edwards,Republican,Chuck Edwards,Republican,44.5,53.96,B,F,F
NC-12,NC,North Carolina,Alma S Adams,Democrat,Alma S Adams,Democrat,Alma S. Adams,Democrat,72.22,25.99,B,F,F
NC-13,NC,North Carolina,Ted Budd,Republican,Wiley Nickel,Democrat,Brad Knott,Republican,41.11,57.97,B,F,F
NC-14,NC,North Carolina,NA,NA,Jeff Jackson,Democrat,Tim Moore,Republican,41.94,57.06,B,F,F
ND-00,ND,North Dakota,Kelly Armstrong,Republican,Kelly Armstrong,Republican,Julie Fedorchak,Republican,30.77,67.52,NA,NA,NA
NE-01,NE,Nebraska,Jeff Fortenberry,Republican,Mike Flood,Republican,Mike Flood,Republican,42.77,55.82,A,A,A
NE-02,NE,Nebraska,Don Bacon,Republican,Don Bacon,Republican,Don Bacon,Republican,51.64,47.02,A,A,A
NE-03,NE,Nebraska,Adrian Smith,Republican,Adrian Smith,Republican,Adrian Smith,Republican,22.52,76.32,A,A,A
NH-01,NH,New Hampshire,Chris Pappas,Democrat,Chris Pappas,Democrat,Chris Pappas,Democrat,50.27,48.28,B,B,B
NH-02,NH,New Hampshire,Ann M Kuster,Democrat,Ann M Kuster,Democrat,Maggie Goodlander,Democrat,51.04,47.46,B,B,B
NJ-01,NJ,New Jersey,Donald Norcross,Democrat,Donald Norcross,Democrat,Donald Norcross,Democrat,58.61,39.88,A,A,A
NJ-02,NJ,New Jersey,Jefferson Van Drew,Republican,Jefferson Van Drew,Republican,Jefferson Van Drew,Republican,43,55.56,A,A,A
NJ-03,NJ,New Jersey,Andy Kim,Democrat,Andy Kim,Democrat,Herb Conaway,Democrat,53.36,45,A,A,A
NJ-04,NJ,New Jersey,Christopher H Smith,Republican,Christopher H Smith,Republican,Christopher H. Smith,Republican,34.26,64.37,A,A,A
NJ-05,NJ,New Jersey,Josh Gottheimer,Democrat,Josh Gottheimer,Democrat,Josh Gottheimer,Democrat,49.8,48.29,A,A,A
NJ-06,NJ,New Jersey,Frank Pallone Jr,Democrat,"Frank Pallone, Jr",Democrat,"Frank Pallone, Jr.",Democrat,51.95,45.53,A,A,A
NJ-07,NJ,New Jersey,Tom Malinowski,Democrat,"Thomas H Kean, Jr",Republican,"Thomas H. Kean, Jr.",Republican,48.45,49.63,A,A,A
NJ-08,NJ,New Jersey,Albio Sires,Democrat,Robert J Menendez,Democrat,Robert Menendez,Democrat,60.83,36.65,A,A,A
NJ-09,NJ,New Jersey,Bill Pascrell Jr,Democrat,"Bill Pascrell, Jr",Democrat,Nellie Pou,Democrat,48.02,49.16,A,A,A
NJ-10,NJ,New Jersey,Donald M Payne Jr,Democrat,"Donald M Payne, Jr",Democrat,Lamonica Mciver,Democrat,74.52,23.75,A,A,A
NJ-11,NJ,New Jersey,Mikie Sherrill,Democrat,Mikie Sherrill,Democrat,Mikie Sherrill,Democrat,53.34,44.62,A,A,A
NJ-12,NJ,New Jersey,Bonnie Watson Coleman,Democrat,Bonnie Watson Coleman,Democrat,Bonnie Watson Coleman,Democrat,60.57,36.7,A,A,A
NM-01,NM,New Mexico,Debra A Haaland,Democrat,Melanie A Stansbury,Democrat,Melanie A. Stansbury,Democrat,56.1,43.16,D,D,D
NM-02,NM,New Mexico,Yvette Herrell,Republican,Gabriel Vasquez,Democrat,Gabe Vasquez,Democrat,48.33,50.25,D,D,D
NM-03,NM,New Mexico,Teresa Leger Fernandez,Democrat,Teresa Leger Fernandez,Democrat,Teresa Leger Fernandez,Democrat,51.67,46.83,D,D,D
NV-01,NV,Nevada,Dina Titus,Democrat,Dina Titus,Democrat,Dina Titus,Democrat,50.24,47.98,F,F,F
NV-02,NV,Nevada,Mark E Amodei,Republican,Mark E Amodei,Republican,Mark E. Amodei,Republican,41.84,55.82,F,F,F
NV-03,NV,Nevada,Susie Lee,Democrat,Susie Lee,Democrat,Susie Lee,Democrat,48.8,49.54,F,F,F
NV-04,NV,Nevada,Steven Horsford,Democrat,Steven Horsford,Democrat,Steven Horsford,Democrat,50.47,47.65,F,F,F
NY-01,NY,New York,Lee M Zeldin,Republican,Nicholas J Lalota,Republican,Nick Lalota,Republican,44.26,54.3,A,A,A
NY-02,NY,New York,Andrew R Garbarino,Republican,Andrew R Garbarino,Republican,Andrew R. Garbarino,Republican,42.77,56.79,A,A,A
NY-03,NY,New York,Thomas R Suozzi,Democrat,George A D Santos,Republican,Thomas R. Suozzi,Democrat,46.66,51.92,A,A,A
NY-04,NY,New York,Kathleen M Rice,Democrat,Laura A Gillen,Democrat,Laura A. Gillen,Democrat,49.79,49.03,A,A,A
NY-05,NY,New York,Gregory W Meeks,Democrat,Gregory W Meeks,Democrat,Gregory W. Meeks,Democrat,70.13,28.36,A,A,A
NY-06,NY,New York,Grace Meng,Democrat,Grace Meng,Democrat,Grace Meng,Democrat,52.3,45.89,A,A,A
NY-07,NY,New York,Nydia M Velazquez,Democrat,Nydia M VelãZquez,Democrat,Nydia M. Velázquez,Democrat,71.55,25.69,A,A,A
NY-08,NY,New York,Hakeem S Jeffries,Democrat,Hakeem S Jeffries,Democrat,Hakeem S. Jeffries,Democrat,71.28,27.1,A,A,A
NY-09,NY,New York,Yvette D Clarke,Democrat,Yvette D Clarke,Democrat,Yvette D. Clarke,Democrat,69.17,28.75,A,A,A
NY-10,NY,New York,Jerrold L Nadler,Democrat,Daniel Goldman,Democrat,Daniel S. Goldman,Democrat,79.13,18.52,A,A,A
NY-11,NY,New York,Nicole Malliotakis,Republican,Nicole Malliotakis,Republican,Nicole Malliotakis,Republican,36.9,61.27,A,A,A
NY-12,NY,New York,Carolyn B Maloney,Democrat,Jerrold Nadler,Democrat,Jerrold Nadler,Democrat,80.8,17.2,A,A,A
NY-13,NY,New York,Adriano Espaillat,Democrat,Adriano Espaillat,Democrat,Adriano Espaillat,Democrat,78.74,19.61,A,A,A
NY-14,NY,New York,Alexandria Ocasio-Cortez,Democrat,Alexandria Ocasio-Cortez,Democrat,Alexandria Ocasio-Cortez,Democrat,64.89,33.21,A,A,A
NY-15,NY,New York,Ritchie Torres,Democrat,Ritchie Torres,Democrat,Ritchie Torres,Democrat,73.57,25.3,A,A,A
NY-16,NY,New York,Jamaal Bowman,Democrat,Jamaal Bowman,Democrat,George S. Latimer,Democrat,66.25,33.14,A,A,A
NY-17,NY,New York,Mondaire Jones,Democrat,Sean Patrick Maloney,Democrat,Michael Lawler,Republican,49.91,49.35,A,A,A
NY-18,NY,New York,Sean Patrick Maloney,Democrat,Patrick Ryan,Democrat,Patrick Ryan,Democrat,50.7,48.33,A,A,A
NY-19,NY,New York,Antonio Delgado,Democrat,Marcus Molinaro,Republican,Josh Riley,Democrat,49.78,49.05,A,A,A
NY-20,NY,New York,Paul D Tonko,Democrat,Paul Tonko,Democrat,Paul Tonko,Democrat,56.48,42.32,A,A,A
NY-21,NY,New York,Elise M Stefanik,Republican,Elise M Stefanik,Republican,Elise M. Stefanik,Republican,39.4,60.1,A,A,A
NY-22,NY,New York,Claudia Tenney,Republican,Francis Conole,Democrat,John W. Mannion,Democrat,53.54,45.89,A,A,A
NY-23,NY,New York,Tom Reed,Republican,Nick Langworthy,Republican,Nicholas A. Langworthy,Republican,39.08,60.1,A,A,A
NY-24,NY,New York,John M Katko,Republican,Claudia Tenney,Republican,Claudia Tenney,Republican,38.13,61.25,A,A,A
NY-25,NY,New York,Joseph D Morelle,Democrat,Joseph D Morelle,Democrat,Joseph D. Morelle,Democrat,59.33,40.67,A,A,A
NY-26,NY,New York,Brian Higgins,Democrat,Brian Higgins,Democrat,Timothy M. Kennedy,Democrat,58.79,39.72,A,A,A
NY-27,NY,New York,Chris Jacobs,Republican,NA,NA,NA,NA,NA,NA,A,A,A
OH-01,OH,Ohio,Steve Chabot,Republican,Greg Landsman,Democrat,Greg Landsman,Democrat,52.68,46.34,D,D,F
OH-02,OH,Ohio,Brad R Wenstrup,Republican,Brad R Wenstrup,Republican,David J. Taylor,Republican,25.83,73.41,D,D,F
OH-03,OH,Ohio,Joyce Beatty,Democrat,Joyce Beatty,Democrat,Joyce Beatty,Democrat,69.61,29.37,D,D,F
OH-04,OH,Ohio,Jim Jordan,Republican,Jim Jordan,Republican,Jim Jordan,Republican,31.18,67.94,D,D,F
OH-05,OH,Ohio,Robert E Latta,Republican,Robert E Latta,Republican,Robert E. Latta,Republican,34.91,64.17,D,D,F
OH-06,OH,Ohio,Bill Johnson,Republican,Bill Johnson,Republican,Michael A. Rulli,Republican,32.78,66.44,D,D,F
OH-07,OH,Ohio,Bob Gibbs,Republican,Max Miller,Republican,Max L. Miller,Republican,44.26,54.9,D,D,F
OH-08,OH,Ohio,Warren Davidson,Republican,Warren Davidson,Republican,Warren Davidson,Republican,37.71,61.4,D,D,F
OH-09,OH,Ohio,Marcy Kaptur,Democrat,Marcy Kaptur,Democrat,Marcy Kaptur,Democrat,46.18,52.89,D,D,F
OH-10,OH,Ohio,Michael R Turner,Republican,Michael R Turner,Republican,Michael R. Turner,Republican,46.64,52.37,D,D,F
OH-11,OH,Ohio,Marcia L Fudge,Democrat,Shontel M Brown,Democrat,Shontel M. Brown,Democrat,77.18,22.11,D,D,F
OH-12,OH,Ohio,Troy Balderson,Republican,Troy Balderson,Republican,Troy Balderson,Republican,33.21,65.94,D,D,F
OH-13,OH,Ohio,Tim Ryan,Democrat,Emilia Sykes,Democrat,Emilia Strong Sykes,Democrat,49.57,49.52,D,D,F
OH-14,OH,Ohio,David P Joyce,Republican,David P Joyce,Republican,David P. Joyce,Republican,40.61,58.54,D,D,F
OH-15,OH,Ohio,Steve Stivers,Republican,Mike Carey,Republican,Mike Carey,Republican,44.9,54.1,D,D,F
OH-16,OH,Ohio,Anthony Gonzalez,Republican,NA,NA,NA,NA,NA,NA,D,D,F
OK-01,OK,Oklahoma,Kevin Hern,Republican,Kevin Hern,Republican,Kevin Hern,Republican,38.18,59.71,C,C,C
OK-02,OK,Oklahoma,Markwayne Mullin,Republican,Josh Brecheen,Republican,Josh Brecheen,Republican,21.4,77.02,C,C,C
OK-03,OK,Oklahoma,Frank D Lucas,Republican,Frank D Lucas,Republican,Frank D. Lucas,Republican,26.66,71.51,C,C,C
OK-04,OK,Oklahoma,Tom Cole,Republican,Tom Cole,Republican,Tom Cole,Republican,32.58,65.51,C,C,C
OK-05,OK,Oklahoma,Stephanie Bice,Republican,Stephanie I Bice,Republican,Stephanie I. Bice,Republican,39.76,57.99,C,C,C
OR-01,OR,Oregon,Suzanne Bonamici,Democrat,Suzanne Bonamici,Democrat,Suzanne Bonamici,Democrat,66.76,29.16,D,D,D
OR-02,OR,Oregon,Cliff Bentz,Republican,Cliff Bentz,Republican,Cliff Bentz,Republican,34.9,61.96,D,D,D
OR-03,OR,Oregon,Earl Blumenauer,Democrat,Earl Blumenauer,Democrat,Maxine E. Dexter,Democrat,70.73,25.12,D,D,D
OR-04,OR,Oregon,Peter A Defazio,Democrat,Val Hoyle,Democrat,Val T. Hoyle,Democrat,54.14,42.16,D,D,D
OR-05,OR,Oregon,Kurt Schrader,Democrat,Lori Chavez-Deremer,Republican,Janelle S. Bynum,Democrat,52.46,43.83,D,D,D
OR-06,OR,Oregon,NA,NA,Andrea Salinas,Democrat,Andrea Salinas,Democrat,53.75,42.45,D,D,D
PA-01,PA,Pennsylvania,Brian K Fitzpatrick,Republican,Brian K Fitzpatrick,Republican,Brian K. Fitzpatrick,Republican,49.67,49.35,B,B,B
PA-02,PA,Pennsylvania,Brendan F Boyle,Democrat,Brendan F Boyle,Democrat,Brendan F. Boyle,Democrat,67.28,31.54,B,B,B
PA-03,PA,Pennsylvania,Dwight Evans,Democrat,Dwight Evans,Democrat,Dwight Evans,Democrat,88.06,10.74,B,B,B
PA-04,PA,Pennsylvania,Madeleine Dean Cunnane,Democrat,Madeleine Dean,Democrat,Madeleine Dean,Democrat,57.38,41.58,B,B,B
PA-05,PA,Pennsylvania,Mary Gay Scanlon,Democrat,Mary Gay Scanlon,Democrat,Mary Gay Scanlon,Democrat,63.79,35.15,B,B,B
PA-06,PA,Pennsylvania,Chrissy J Houlahan,Democrat,Chrissy Houlahan,Democrat,Chrissy Houlahan,Democrat,55.19,43.79,B,B,B
PA-07,PA,Pennsylvania,Susan Ellis Wild,Democrat,Susan Wild,Democrat,Ryan E. Mackenzie,Republican,47.86,51.07,B,B,B
PA-08,PA,Pennsylvania,Matthew Alton Cartwright,Democrat,Matt Cartwright,Democrat,"Rob Bresnahan, Jr.",Republican,45.35,53.85,B,B,B
PA-09,PA,Pennsylvania,Daniel Philip Meuser,Republican,Daniel Meuser,Republican,Daniel Meuser,Republican,30.59,68.51,B,B,B
PA-10,PA,Pennsylvania,Scott G Perry,Republican,Scott Perry,Republican,Scott Perry,Republican,46.82,52.03,B,B,B
PA-11,PA,Pennsylvania,Lloyd K Smucker,Republican,Lloyd Smucker,Republican,Lloyd Smucker,Republican,38.83,60.19,B,B,B
PA-12,PA,Pennsylvania,Frederick B Keller,Republican,Summer Lee,Democrat,Summer L. Lee,Democrat,59.13,39.95,B,B,B
PA-13,PA,Pennsylvania,John Joyce,Republican,John Joyce,Republican,John Joyce,Republican,26.83,72.37,B,B,B
PA-14,PA,Pennsylvania,Guy Reschenthaler,Republican,Guy Reschenthaler,Republican,Guy Reschenthaler,Republican,32.97,66.32,B,B,B
PA-15,PA,Pennsylvania,Glenn W Thompson Jr,Republican,Glenn Thompson,Republican,Glenn Thompson,Republican,30.58,68.58,B,B,B
PA-16,PA,Pennsylvania,George J Kelly Jr,Republican,Mike Kelly,Republican,Mike Kelly,Republican,38.2,60.96,B,B,B
PA-17,PA,Pennsylvania,Conor J Lamb,Democrat,Chris Deluzio,Democrat,Christopher R. Deluzio,Democrat,52.28,46.77,B,B,B
PA-18,PA,Pennsylvania,Michael F Doyle Jr,Democrat,NA,NA,NA,NA,NA,NA,B,B,B
RI-01,RI,Rhode Island,David N Cicilline,Democrat,David N Cicilline,Democrat,Gabe Amo,Democrat,59.66,37.62,NA,NA,NA
RI-02,RI,Rhode Island,James R Langevin,Democrat,Seth M Magaziner,Democrat,Seth Magaziner,Democrat,52.04,45.29,NA,NA,NA
SC-01,SC,South Carolina,Nancy Mace,Republican,Nancy Mace,Republican,Nancy Mace,Republican,42.69,55.79,F,F,F
SC-02,SC,South Carolina,Joe Wilson,Republican,Joe Wilson,Republican,Joe Wilson,Republican,42.27,56.23,F,F,F
SC-03,SC,South Carolina,Jeff Duncan,Republican,Jeff Duncan,Republican,Sheri Biggs,Republican,27.84,70.89,F,F,F
SC-04,SC,South Carolina,William R Timmons Iv,Republican,William R Timmons Iv,Republican,William R. Timmons Iv,Republican,37.38,61.01,F,F,F
SC-05,SC,South Carolina,Ralph Norman,Republican,Ralph Norman,Republican,Ralph Norman,Republican,37.93,60.71,F,F,F
SC-06,SC,South Carolina,James E Clyburn,Democrat,James E Clyburn,Democrat,James E. Clyburn,Democrat,60.62,37.78,F,F,F
SC-07,SC,South Carolina,Tom Rice,Republican,Russell Fry,Republican,Russell Fry,Republican,36.29,62.65,F,F,F
SD-00,SD,South Dakota,Dusty Johnson,Republican,Dusty Johnson,Republican,Dusty Johnson,Republican,34.24,63.43,NA,NA,NA
TN-01,TN,Tennessee,Diana Harshbarger,Republican,Diana Harshbarger,Republican,Diana Harshbarger,Republican,20.57,78.41,F,F,F
TN-02,TN,Tennessee,Tim Burchett,Republican,Tim Burchett,Republican,Tim Burchett,Republican,32.38,66.24,F,F,F
TN-03,TN,Tennessee,"Charles J \""Chuck\"" Fleischmann",Republican,Charles J ÂChuckâ Fleischmann,Republican,"Charles J. \""Chuck\"" Fleischmann",Republican,31.41,67.28,F,F,F
TN-04,TN,Tennessee,Scott Desjarlais,Republican,Scott Desjarlais,Republican,Scott Desjarlais,Republican,27.61,71.19,F,F,F
TN-05,TN,Tennessee,Jim Cooper,Democrat,Andy Ogles,Republican,Andrew Ogles,Republican,40.21,58.2,F,F,F
TN-06,TN,Tennessee,John W Rose,Republican,John W Rose,Republican,John W. Rose,Republican,31.94,66.81,F,F,F
TN-07,TN,Tennessee,Mark E Green,Republican,Mark E Green,Republican,Mark E. Green,Republican,38.13,60.41,F,F,F
TN-08,TN,Tennessee,David Kustoff,Republican,David Kustoff,Republican,David Kustoff,Republican,28.88,69.99,F,F,F
TN-09,TN,Tennessee,Steve Cohen,Democrat,Steve Cohen,Democrat,Steve Cohen,Democrat,70.84,27.38,F,F,F
TX-01,TX,Texas,Louie Gohmert,Republican,Nathaniel Moran,Republican,Nathaniel Moran,Republican,24,75.25,F,F,F
TX-02,TX,Texas,Dan Crenshaw,Republican,Dan Crenshaw,Republican,Dan Crenshaw,Republican,37.49,61.26,F,F,F
TX-03,TX,Texas,Van Taylor,Republican,Keith Self,Republican,Keith Self,Republican,38.63,58.66,F,F,F
TX-04,TX,Texas,Pat Fallon,Republican,Pat Fallon,Republican,Pat Fallon,Republican,32.87,65.43,F,F,F
TX-05,TX,Texas,Lance Gooden,Republican,Lance Gooden,Republican,Lance Gooden,Republican,35.84,62.87,F,F,F
TX-06,TX,Texas,Ron Wright,Republican,Jake Ellzey,Republican,Jake Ellzey,Republican,35.15,63.65,F,F,F
TX-07,TX,Texas,Lizzie Fletcher,Democrat,Lizzie Fletcher,Democrat,Lizzie Fletcher,Democrat,58.83,38.1,F,F,F
TX-08,TX,Texas,Kevin Brady,Republican,Morgan Luttrell,Republican,Morgan Luttrell,Republican,32.42,66.28,F,F,F
TX-09,TX,Texas,Al Green,Democrat,Al Green,Democrat,Al Green,Democrat,71.23,27.18,F,F,F
TX-10,TX,Texas,Michael T Mccaul,Republican,Michael T Mccaul,Republican,Michael T. Mccaul,Republican,36.85,61.63,F,F,F
TX-11,TX,Texas,August Pfluger,Republican,August Pfluger,Republican,August Pfluger,Republican,26.82,72.24,F,F,F
TX-12,TX,Texas,Kay Granger,Republican,Kay Granger,Republican,Craig Goldman,Republican,38.1,60.68,F,F,F
TX-13,TX,Texas,Ronny Jackson,Republican,Ronny Jackson,Republican,Ronny Jackson,Republican,25.59,73.34,F,F,F
TX-14,TX,Texas,Randy K Weber Sr,Republican,"Randy K Weber, Sr",Republican,"Randy K. Weber, Sr.",Republican,32.47,66.48,F,F,F
TX-15,TX,Texas,Vicente Gonzalez,Democrat,Monica De La Cruz,Republican,Monica De La Cruz,Republican,40.66,58.5,F,F,F
TX-16,TX,Texas,Veronica Escobar,Democrat,Veronica Escobar,Democrat,Veronica Escobar,Democrat,57.24,41.27,F,F,F
TX-17,TX,Texas,Pete Sessions,Republican,Pete Sessions,Republican,Pete Sessions,Republican,34.82,64.02,F,F,F
TX-18,TX,Texas,Sheila Jackson Lee,Democrat,Sheila Jackson Lee,Democrat,Sylvester Turner,Democrat,69.13,29.36,F,F,F
TX-19,TX,Texas,Jodey C Arrington,Republican,Jodey C Arrington,Republican,Jodey C. Arrington,Republican,23.69,75.36,F,F,F
TX-20,TX,Texas,Joaquin Castro,Democrat,Joaquin Castro,Democrat,Joaquin Castro,Democrat,59.91,38.68,F,F,F
TX-21,TX,Texas,Chip Roy,Republican,Chip Roy,Republican,Chip Roy,Republican,37.53,61.15,F,F,F
TX-22,TX,Texas,Troy Nehls,Republican,Troy E Nehls,Republican,Troy E. Nehls,Republican,39.18,58.66,F,F,F
TX-23,TX,Texas,Tony Gonzales,Republican,Tony Gonzales,Republican,Tony Gonzales,Republican,41.66,57.18,F,F,F
TX-24,TX,Texas,Beth Van Duyne,Republican,Beth Van Duyne,Republican,Beth Van Duyne,Republican,41.3,56.77,F,F,F
TX-25,TX,Texas,Roger Williams,Republican,Roger Williams,Republican,Roger Williams,Republican,31.24,67.54,F,F,F
TX-26,TX,Texas,Michael C Burgess,Republican,Michael C Burgess,Republican,Brandon Gill,Republican,37.58,60.99,F,F,F
TX-27,TX,Texas,Michael Cloud,Republican,Michael Cloud,Republican,Michael Cloud,Republican,34.71,64.35,F,F,F
TX-28,TX,Texas,Henry Cuellar,Democrat,Henry Cuellar,Democrat,Henry Cuellar,Democrat,45.82,53.13,F,F,F
TX-29,TX,Texas,Sylvia R Garcia,Democrat,Sylvia R Garcia,Democrat,Sylvia R. Garcia,Democrat,59.58,39.19,F,F,F
TX-30,TX,Texas,Eddie Bernice Johnson,Democrat,Jasmine Crockett,Democrat,Jasmine Crockett,Democrat,72.57,25.77,F,F,F
TX-31,TX,Texas,John R Carter,Republican,John R Carter,Republican,John R. Carter,Republican,37.65,60.89,F,F,F
TX-32,TX,Texas,Colin Z Allred,Democrat,Colin Z Allred,Democrat,Julie Johnson,Democrat,60.34,36.71,F,F,F
TX-33,TX,Texas,Marc A Veasey,Democrat,Marc A Veasey,Democrat,Marc A. Veasey,Democrat,65.56,31.88,F,F,F
TX-34,TX,Texas,Filemon Vela,Democrat,Vicente Gonzalez,Democrat,Vicente Gonzalez,Democrat,47.37,51.8,F,F,F
TX-35,TX,Texas,Lloyd Doggett,Democrat,Greg Casar,Democrat,Greg Casar,Democrat,65.84,32.25,F,F,F
TX-36,TX,Texas,Brian Babin,Republican,Brian Babin,Republican,Brian Babin,Republican,31.05,67.83,F,F,F
TX-37,TX,Texas,NA,NA,Lloyd Doggett,Democrat,Lloyd Doggett,Democrat,73.23,24.22,F,F,F
TX-38,TX,Texas,NA,NA,Wesley Hunt,Republican,Wesley Hunt,Republican,38.75,59.43,F,F,F
UT-01,UT,Utah,Blake David Moore,Republican,Blake D Moore,Republican,Blake D. Moore,Republican,38.5,58.54,F,F,B
UT-02,UT,Utah,Chris Stewart,Republican,Chris Stewart,Republican,Celeste Maloy,Republican,38.56,58.88,F,F,B
UT-03,UT,Utah,John R Curtis,Republican,John R Curtis,Republican,Mike Kennedy,Republican,38.95,58.26,F,F,B
UT-04,UT,Utah,Burgess Owens,Republican,Burgess Owens,Republican,Burgess Owens,Republican,35.23,61.91,F,F,B
VA-01,VA,Virginia,Robert J Wittman,Republican,Robert J Wittman,Republican,Robert J. Wittman,Republican,46.66,51.58,A,A,A
VA-02,VA,Virginia,Elaine G Luria,Democrat,Jen A Kiggans,Republican,Jennifer A. Kiggans,Republican,49.06,49.33,A,A,A
VA-03,VA,Virginia,"Robert C \""Bobby\"" Scott",Democrat,Robert C ÂBobbyâ Scott,Democrat,"Robert C. \""Bobby\"" Scott",Democrat,66.4,31.84,A,A,A
VA-04,VA,Virginia,A Donald Mceachin,Democrat,A Donald Mceachin,Democrat,Jennifer L. Mcclellan,Democrat,65.41,32.82,A,A,A
VA-05,VA,Virginia,"Robert G \""Bob\"" Good",Republican,Bob Good,Republican,John J. Mcguire Iii,Republican,43.17,55.4,A,A,A
VA-06,VA,Virginia,Ben Cline,Republican,Ben Cline,Republican,Ben Cline,Republican,37.17,61.25,A,A,A
VA-07,VA,Virginia,Abigail Davis Spanberger,Democrat,Abigail Davis Spanberger,Democrat,Eugene S. Vindman,Democrat,50.29,47.44,A,A,A
VA-08,VA,Virginia,Donald S Beyer Jr,Democrat,"Donald S Beyer, Jr",Democrat,"Donald S. Beyer, Jr.",Democrat,73.04,23.76,A,A,A
VA-09,VA,Virginia,H Morgan Griffith,Republican,H Morgan Griffith,Republican,H. Morgan Griffith,Republican,27.47,71.38,A,A,A
VA-10,VA,Virginia,Jennifer Wexton,Democrat,Jennifer Wexton,Democrat,Suhas Subramanyam,Democrat,52.59,44.28,A,A,A
VA-11,VA,Virginia,Gerald E Connolly,Democrat,Gerald E Connolly,Democrat,Gerald E. Connolly,Democrat,65.18,31.18,A,A,A
VT-00,VT,Vermont,Peter Welch,Democrat,Becca Balint,Democrat,Becca Balint,Democrat,64.36,32.59,NA,NA,NA
WA-01,WA,Washington,Suzan K Delbene,Democrat,Suzan K Delbene,Democrat,Suzan K. Delbene,Democrat,62.15,33.68,A,A,A
WA-02,WA,Washington,Rick Larsen,Democrat,Rick Larsen,Democrat,Rick Larsen,Democrat,59.84,36.33,A,A,A
WA-03,WA,Washington,Jaime Herrera Beutler,Republican,Marie Gluesenkamp Perez,Democrat,Marie Gluesenkamp Perez,Democrat,46.67,49.95,A,A,A
WA-04,WA,Washington,Dan Newhouse,Republican,Dan Newhouse,Republican,Dan Newhouse,Republican,38.11,58.66,A,A,A
WA-05,WA,Washington,Cathy Mcmorris Rodgers,Republican,Cathy Mcmorris Rodgers,Republican,Michael Baumgartner,Republican,42.85,53.56,A,A,A
WA-06,WA,Washington,Derek Kilmer,Democrat,Derek Kilmer,Democrat,Emily Randall,Democrat,57.72,38.56,A,A,A
WA-07,WA,Washington,Pramila Jayapal,Democrat,Pramila Jayapal,Democrat,Pramila Jayapal,Democrat,85.32,10.78,A,A,A
WA-08,WA,Washington,Kim Schrier,Democrat,Kim Schrier,Democrat,Kim Schrier,Democrat,50.93,45.2,A,A,A
WA-09,WA,Washington,Adam Smith,Democrat,Adam Smith,Democrat,Adam Smith,Democrat,68.44,27.49,A,A,A
WA-10,WA,Washington,Marilyn Strickland,Democrat,Marilyn Strickland,Democrat,Marilyn Strickland,Democrat,57.04,39.14,A,A,A
WI-01,WI,Wisconsin,Bryan Steil,Republican,Bryan Steil,Republican,Bryan Steil,Republican,46.89,51.39,F,F,F
WI-02,WI,Wisconsin,Mark Pocan,Democrat,Mark Pocan,Democrat,Mark Pocan,Democrat,69.16,29.12,F,F,F
WI-03,WI,Wisconsin,Ron Kind,Democrat,Derrick Van Orden,Republican,Derrick Van Orden,Republican,45.46,52.84,F,F,F
WI-04,WI,Wisconsin,Gwen Moore,Democrat,Gwen Moore,Democrat,Gwen Moore,Democrat,74.68,23.28,F,F,F
WI-05,WI,Wisconsin,Scott Fitzgerald,Republican,Scott Fitzgerald,Republican,Scott Fitzgerald,Republican,38.15,60.24,F,F,F
WI-06,WI,Wisconsin,Glenn Grothman,Republican,Glenn Grothman,Republican,Glenn Grothman,Republican,41.02,57.46,F,F,F
WI-07,WI,Wisconsin,Thomas P Tiffany,Republican,Thomas P Tiffany,Republican,Thomas P. Tiffany,Republican,37.94,60.4,F,F,F
WI-08,WI,Wisconsin,Mike Gallagher,Republican,Mike Gallagher,Republican,Tony Wied,Republican,41.17,57.4,F,F,F
WV-01,WV,West Virginia,David B Mckinley,Republican,Carol D Miller,Republican,Carol D. Miller,Republican,26.89,71.25,A,A,A
WV-02,WV,West Virginia,Alexander X Mooney,Republican,Alexander X Mooney,Republican,Riley Moore,Republican,29.23,68.82,A,A,A
WV-03,WV,West Virginia,Carol D Miller,Republican,NA,NA,NA,NA,NA,NA,A,A,A
WY-00,WY,Wyoming,Liz Cheney,Republican,Harriet Hageman,Republican,Harriet M. Hageman,Republican,26.1,72.32,NA,NA,NA
