name,country,country_code,event,competition,d_score,e_score,penalty,score,rank
Simone Biles,United States,USA,Vault,Qualification,6.4,9.4,0,15.8,1
Simone Biles,United States,USA,Vault,Qualification,5.6,9.2,0,14.8,1
Rebeca Andrade,Brazil,BRA,Vault,Qualification,5.6,9.4,0.1,14.9,2
Rebeca Andrade,Brazil,BRA,Vault,Qualification,5,9.466,0,14.466,2
Jade Carey,United States,USA,Vault,Qualification,5.6,9.166,0.1,14.666,3
Jade Carey,United States,USA,Vault,Qualification,5,9.2,0,14.2,3
Jordan Chiles,United States,USA,Vault,Qualification,5,9.333,0,14.333,4
Jordan Chiles,United States,USA,Vault,Qualification,4.8,9.3,0,14.1,4
Seojeong Yeo,South Korea,KOR,Vault,Qualification,5.4,9,0,14.4,5
Seojeong Yeo,South Korea,KOR,Vault,Qualification,5,8.966,0,13.966,5
Chang Ok An,North Korea,PRK,Vault,Qualification,5,9.066,0,14.066,6
Chang Ok An,North Korea,PRK,Vault,Qualification,5.6,8.7,0,14.3,6
Shallon Olsen,Canada,CAN,Vault,Qualification,5.6,8.833,0,14.433,7
Shallon Olsen,Canada,CAN,Vault,Qualification,5,8.9,0,13.9,7
Elsabeth Black,Canada,CAN,Vault,Qualification,5,9.1,0,14.1,8
Elsabeth Black,Canada,CAN,Vault,Qualification,4.8,9.1,0,13.9,8
Valentina Georgieva,Bulgaria,BUL,Vault,Qualification,5,9.166,0,14.166,9
Valentina Georgieva,Bulgaria,BUL,Vault,Qualification,4.8,9.033,0,13.833,9
Alexa Moreno,Mexico,MEX,Vault,Qualification,5.4,8.766,0,14.166,10
Alexa Moreno,Mexico,MEX,Vault,Qualification,5.2,8.533,0,13.733,10
Ming van Eijken,France,FRA,Vault,Qualification,5.4,8.833,0,14.233,11
Ming van Eijken,France,FRA,Vault,Qualification,4.4,8.933,0,13.333,11
Csenge Maria Bacskay,Hungary,HUN,Vault,Qualification,5,8.9,0,13.9,12
Csenge Maria Bacskay,Hungary,HUN,Vault,Qualification,4.8,8.833,0,13.633,12
Coline Devillard,France,FRA,Vault,Qualification,5.4,8.8,0,14.2,13
Coline Devillard,France,FRA,Vault,Qualification,4.4,8.7,0,13.1,13
Hillary Heron,Panama,PAN,Vault,Qualification,5.4,8.5,0.1,13.8,14
Hillary Heron,Panama,PAN,Vault,Qualification,4.6,8.9,0,13.5,14
Ana Barbosu,Romania,ROU,Vault,Qualification,5.2,8.7,0.1,13.8,15
Ana Barbosu,Romania,ROU,Vault,Qualification,4.6,8.866,0,13.466,15
Lihie Raz,Israel,ISR,Vault,Qualification,5,8.766,0.1,13.666,16
Lihie Raz,Israel,ISR,Vault,Qualification,4.4,8.833,0,13.233,16
Aleah Finnegan,Philippines,PHI,Vault,Qualification,4.6,9.133,0,13.733,17
Aleah Finnegan,Philippines,PHI,Vault,Qualification,4,9.033,0,13.033,17
Ruby Pass,Australia,AUS,Vault,Qualification,5,8.9,0.1,13.8,18
Ruby Pass,Australia,AUS,Vault,Qualification,4.2,8.7,0,12.9,18
Ahtziri Sandoval,Mexico,MEX,Vault,Qualification,5.2,7.6,0.3,12.5,19
Ahtziri Sandoval,Mexico,MEX,Vault,Qualification,5.4,7.5,0.3,12.6,19
Abigail Martin,Great Britain,GBR,Vault,Qualification,5,8.766,0,13.766,NA
Alba Petisco,Spain,ESP,Vault,Qualification,4.6,8.866,0,13.466,NA
Alice D'Amato,Italy,ITA,Vault,Qualification,5,8.5,0.3,13.2,NA
Alice Kinsella,Great Britain,GBR,Vault,Qualification,5,8.933,0,13.933,NA
Amalia Ghigoarta,Romania,ROU,Vault,Qualification,4.2,8.8,0,13,NA
Ana Perez,Spain,ESP,Vault,Qualification,4.2,8.866,0,13.066,NA
Angela Andreoli,Italy,ITA,Vault,Qualification,4.6,9.133,0,13.733,NA
Anna Lashchevska,Ukraine,UKR,Vault,Qualification,4.2,8.633,0,12.833,NA
Aurelie Tran,Canada,CAN,Vault,Qualification,4.2,8.966,0,13.166,NA
Ava Stewart,Canada,CAN,Vault,Qualification,4.6,9,0,13.6,NA
Bettina Lili Czifra,Hungary,HUN,Vault,Qualification,4.2,8.866,0.1,12.966,NA
Breanna Scott,Australia,AUS,Vault,Qualification,4.2,9.1,0,13.3,NA
Charlize Moerz,AUT,AUT,Vault,Qualification,4,8.5,0,12.5,NA
Dayeong Lee,South Korea,KOR,Vault,Qualification,4.2,8.666,0,12.866,NA
Elisa Iorio,Italy,ITA,Vault,Qualification,5,8.766,0,13.766,NA
Emily Whitehead,Australia,AUS,Vault,Qualification,4.6,9,0,13.6,NA
Emma Malabuyo,Philippines,PHI,Vault,Qualification,4.2,9.066,0,13.266,NA
Emma Nedov,Australia,AUS,Vault,Qualification,4.2,9,0,13.2,NA
Filipa Martins,Portugal,POR,Vault,Qualification,5,9.133,0,14.133,NA
Flavia Saraiva,Brazil,BRA,Vault,Qualification,5,9.1,0,14.1,NA
Georgia-Mae Fenton,Great Britain,GBR,Vault,Qualification,4.6,9.233,0,13.833,NA
Georgia-Rose Brown,New Zealand,NZL,Vault,Qualification,4.2,9.033,0,13.233,NA
Haruka Nakamura,Japan,JPN,Vault,Qualification,4.2,8.866,0,13.066,NA
Helen Kevric,Germany,GER,Vault,Qualification,5,9.066,0,14.066,NA
Jade Barbosa,Brazil,BRA,Vault,Qualification,5,8.833,0.1,13.733,NA
Jana Mahmoud,Egypt,EGY,Vault,Qualification,3.4,8.466,0,11.866,NA
Kaylia Nemour,Algeria,ALG,Vault,Qualification,5,9,0,14,NA
Kohane Ushioku,Japan,JPN,Vault,Qualification,5,8.866,0,13.866,NA
Laura Casabuena,Spain,ESP,Vault,Qualification,4.2,8.866,0,13.066,NA
Lena Bickel,Switzerland,SUI,Vault,Qualification,4.2,9.166,0,13.366,NA
Levi Ruivivar,Philippines,PHI,Vault,Qualification,4.6,9,0,13.6,NA
Lieke Wevers,Netherlands,NED,Vault,Qualification,4.2,9.1,0,13.3,NA
Lilia Cosman,Romania,ROU,Vault,Qualification,4.6,8.9,0,13.5,NA
Lorrane Oliveira,Brazil,BRA,Vault,Qualification,4.2,8.7,0,12.9,NA
Lucija Hribar,Slovenia,SLO,Vault,Qualification,4.2,8.933,0,13.133,NA
Luisa Blanco,Colombia,COL,Vault,Qualification,4.6,8.866,0,13.466,NA
Lynnzee Brown,Haiti,HAI,Vault,Qualification,4.6,8.966,0,13.566,NA
Maellyse Brassart,Belgium,BEL,Vault,Qualification,4.2,9.1,0,13.3,NA
Mana Okamura,Japan,JPN,Vault,Qualification,4.4,8.633,0,13.033,NA
Manila Esposito,Italy,ITA,Vault,Qualification,5,9.133,0,14.133,NA
Melanie de Jesus dos Santos,France,FRA,Vault,Qualification,5,9.2,0,14.2,NA
Morgane Osyssek-Reimer,France,FRA,Vault,Qualification,4.2,9.1,0,13.3,NA
Naomi Visser,Netherlands,NED,Vault,Qualification,4.2,9.033,0,13.233,NA
Qiyuan Qiu,China,CHN,Vault,Qualification,4.4,8.833,0,13.233,NA
Rina Kishi,Japan,JPN,Vault,Qualification,5,9.033,0,14.033,NA
Ruby Evans,Great Britain,GBR,Vault,Qualification,5.4,8.9,0.1,14.2,NA
Sabrina Maneca-Voinea,Romania,ROU,Vault,Qualification,5,8.766,0.1,13.666,NA
Sanna Veerman,Netherlands,NED,Vault,Qualification,4.6,9,0,13.6,NA
Sarah Voss,Germany,GER,Vault,Qualification,5,9.1,0.1,14,NA
Solyi Shin,South Korea,KOR,Vault,Qualification,4.6,7.633,0.1,12.133,NA
Sona Artamonova,Czechia,CZE,Vault,Qualification,4.2,8.8,0,13,NA
Sunisa Lee,United States,USA,Vault,Qualification,5,9.133,0,14.133,NA
Tisha Volleman,Netherlands,NED,Vault,Qualification,4.2,8.933,0,13.133,NA
Yaqin Zhou,China,CHN,Vault,Qualification,4.2,8.833,0,13.033,NA
Yihan Zhang,China,CHN,Vault,Qualification,5.2,8.633,0,13.833,NA
Yunseo Lee,South Korea,KOR,Vault,Qualification,4.2,8.5,0,12.7,NA
Yushan Ou,China,CHN,Vault,Qualification,4.2,8.8,0,13,NA
Kaylia Nemour,Algeria,ALG,Uneven Bars,Qualification,7.1,8.5,0,15.6,1
Qiyuan Qiu,China,CHN,Uneven Bars,Qualification,6.8,8.266,0,15.066,2
Sunisa Lee,United States,USA,Uneven Bars,Qualification,6.4,8.466,0,14.866,3
Nina Derwael,Belgium,BEL,Uneven Bars,Qualification,6.5,8.233,0,14.733,4
Yihan Zhang,China,CHN,Uneven Bars,Qualification,6.4,8.3,0,14.7,5
Alice D'Amato,Italy,ITA,Uneven Bars,Qualification,6.3,8.366,0,14.666,6
Rebecca Downie,Great Britain,GBR,Uneven Bars,Qualification,6.6,8.066,0,14.666,7
Helen Kevric,Germany,GER,Uneven Bars,Qualification,6.2,8.4,0,14.6,8
Simone Biles,United States,USA,Uneven Bars,Qualification,6.2,8.233,0,14.433,9
Rebeca Andrade,Brazil,BRA,Uneven Bars,Qualification,6.1,8.3,0,14.4,10
Sanna Veerman,Netherlands,NED,Uneven Bars,Qualification,6.4,8,0,14.4,11
Elisa Iorio,Italy,ITA,Uneven Bars,Qualification,6.2,8.166,0,14.366,12
Jordan Chiles,United States,USA,Uneven Bars,Qualification,6,8.266,0,14.266,13
Naomi Visser,Netherlands,NED,Uneven Bars,Qualification,6,8.266,0,14.266,13
Manila Esposito,Italy,ITA,Uneven Bars,Qualification,5.9,8.266,0,14.166,15
Elsabeth Black,Canada,CAN,Uneven Bars,Qualification,6,8.166,0,14.166,16
Yushan Ou,China,CHN,Uneven Bars,Qualification,5.8,8.166,0,13.966,17
Bettina Lili Czifra,Hungary,HUN,Uneven Bars,Qualification,5.9,8.033,0,13.933,18
Ruby Pass,Australia,AUS,Uneven Bars,Qualification,6,7.9,0,13.9,19
Hezly Rivera,United States,USA,Uneven Bars,Qualification,6.1,7.8,0,13.9,20
Huan Luo,China,CHN,Uneven Bars,Qualification,6.1,7.8,0,13.9,20
Filipa Martins,Portugal,POR,Uneven Bars,Qualification,5.4,8.4,0,13.8,22
Flavia Saraiva,Brazil,BRA,Uneven Bars,Qualification,5.6,8.2,0,13.8,23
Maellyse Brassart,Belgium,BEL,Uneven Bars,Qualification,5.7,8.066,0,13.766,24
Caitlin Rooskrantz,South Africa,RSA,Uneven Bars,Qualification,6,7.733,0,13.733,25
Georgia-Rose Brown,New Zealand,NZL,Uneven Bars,Qualification,5.6,8.066,0,13.666,26
Giorgia Villa,Italy,ITA,Uneven Bars,Qualification,5.8,7.866,0,13.666,27
McDONALD Kate,Australia,AUS,Uneven Bars,Qualification,5.5,8.133,0,13.633,28
Haruka Nakamura,Japan,JPN,Uneven Bars,Qualification,6.1,7.5,0,13.6,29
Rina Kishi,Japan,JPN,Uneven Bars,Qualification,5.5,8.066,0,13.566,30
Aurelie Tran,Canada,CAN,Uneven Bars,Qualification,5.3,8.2,0,13.5,31
Sarah Voss,Germany,GER,Uneven Bars,Qualification,5.2,8.266,0,13.466,32
Ava Stewart,Canada,CAN,Uneven Bars,Qualification,5.5,7.966,0,13.466,33
Zoja Szekely,Hungary,HUN,Uneven Bars,Qualification,5.9,7.533,0,13.433,34
Chang Ok An,North Korea,PRK,Uneven Bars,Qualification,6.1,7.333,0,13.433,35
Alba Petisco,Spain,ESP,Uneven Bars,Qualification,5.3,8.1,0,13.4,36
Mana Okamura,Japan,JPN,Uneven Bars,Qualification,5.5,7.766,0,13.266,37
Lorrane Oliveira,Brazil,BRA,Uneven Bars,Qualification,5.5,7.733,0,13.233,38
Marine Boyer,France,FRA,Uneven Bars,Qualification,5.4,7.8,0,13.2,39
Levi Ruivivar,Philippines,PHI,Uneven Bars,Qualification,5.5,7.7,0,13.2,40
Laura Casabuena,Spain,ESP,Uneven Bars,Qualification,5.1,8.033,0,13.133,41
Lucija Hribar,Slovenia,SLO,Uneven Bars,Qualification,5.4,7.733,0,13.133,42
Amalia Ghigoarta,Romania,ROU,Uneven Bars,Qualification,5.3,7.766,0,13.066,43
Ming van Eijken,France,FRA,Uneven Bars,Qualification,5.1,7.933,0,13.033,44
Ana Perez,Spain,ESP,Uneven Bars,Qualification,5.3,7.733,0,13.033,45
Anna Lashchevska,Ukraine,UKR,Uneven Bars,Qualification,5.5,7.533,0,13.033,46
Solyi Shin,South Korea,KOR,Uneven Bars,Qualification,5.4,7.566,0,12.966,47
Luisa Blanco,Colombia,COL,Uneven Bars,Qualification,4.6,8.233,0,12.833,48
Kohane Ushioku,Japan,JPN,Uneven Bars,Qualification,5.1,7.733,0,12.833,49
Lihie Raz,Israel,ISR,Uneven Bars,Qualification,5.2,7.633,0,12.833,50
Georgia-Mae Fenton,Great Britain,GBR,Uneven Bars,Qualification,5.7,7.133,0,12.833,51
Natalia Escalera,Mexico,MEX,Uneven Bars,Qualification,5.7,7.1,0,12.8,52
Tisha Volleman,Netherlands,NED,Uneven Bars,Qualification,5.1,7.666,0,12.766,53
Emma Nedov,Australia,AUS,Uneven Bars,Qualification,5.3,7.466,0,12.766,54
Jade Barbosa,Brazil,BRA,Uneven Bars,Qualification,5.5,7.233,0,12.733,55
Alexa Moreno,Mexico,MEX,Uneven Bars,Qualification,5.4,7.233,0,12.633,56
Ana Barbosu,Romania,ROU,Uneven Bars,Qualification,5.3,7.3,0,12.6,57
Aleah Finnegan,Philippines,PHI,Uneven Bars,Qualification,4.9,7.666,0,12.566,58
Lieke Wevers,Netherlands,NED,Uneven Bars,Qualification,5.3,7.266,0,12.566,59
Emma Malabuyo,Philippines,PHI,Uneven Bars,Qualification,4.5,8,0,12.5,60
Sona Artamonova,Czechia,CZE,Uneven Bars,Qualification,4.8,7.533,0,12.333,61
Emily Whitehead,Australia,AUS,Uneven Bars,Qualification,5.4,6.933,0,12.333,62
Yunseo Lee,South Korea,KOR,Uneven Bars,Qualification,5.6,6.733,0,12.333,63
Lena Bickel,Switzerland,SUI,Uneven Bars,Qualification,4.8,7.466,0,12.266,64
Ahtziri Sandoval,Mexico,MEX,Uneven Bars,Qualification,5.4,6.866,0,12.266,65
Dohyun Eom,South Korea,KOR,Uneven Bars,Qualification,5.5,6.733,0,12.233,66
Melanie de Jesus dos Santos,France,FRA,Uneven Bars,Qualification,6.2,6.333,0.3,12.233,67
Cassandra Lee,Canada,CAN,Uneven Bars,Qualification,4.1,8.066,0,12.166,68
Alice Kinsella,Great Britain,GBR,Uneven Bars,Qualification,5.7,6.2,0,11.9,69
Charlize Moerz,AUT,AUT,Uneven Bars,Qualification,4.4,7.366,0,11.766,70
Hillary Heron,Panama,PAN,Uneven Bars,Qualification,4.7,7.066,0,11.766,71
Dayeong Lee,South Korea,KOR,Uneven Bars,Qualification,4.9,6.866,0,11.766,72
Morgane Osyssek-Reimer,France,FRA,Uneven Bars,Qualification,5.2,6.4,0,11.6,73
Lynnzee Brown,Haiti,HAI,Uneven Bars,Qualification,3.4,8.1,0,11.5,74
Valentina Georgieva,Bulgaria,BUL,Uneven Bars,Qualification,4,7.5,0,11.5,75
Lilia Cosman,Romania,ROU,Uneven Bars,Qualification,5.3,6.333,0.3,11.333,76
Ruby Evans,Great Britain,GBR,Uneven Bars,Qualification,4.6,6.6,0,11.2,77
Jana Mahmoud,Egypt,EGY,Uneven Bars,Qualification,4.8,6.266,0,11.066,78
Andreea Preda,Romania,ROU,Uneven Bars,Qualification,5,5.933,0,10.933,79
Rifda Irfanaluthfi,Indonesia,INA,Uneven Bars,Qualification,4,5.666,0.5,9.166,80
Yaqin Zhou,China,CHN,Balance Beam,Qualification,6.6,8.266,0,14.866,1
Simone Biles,United States,USA,Balance Beam,Qualification,6.4,8.333,0,14.733,2
Rebeca Andrade,Brazil,BRA,Balance Beam,Qualification,6.1,8.4,0,14.5,3
Sunisa Lee,United States,USA,Balance Beam,Qualification,6,8.033,0,14.033,4
Sabrina Maneca-Voinea,Romania,ROU,Balance Beam,Qualification,6.1,7.9,0,14,5
Manila Esposito,Italy,ITA,Balance Beam,Qualification,5.6,8.366,0,13.966,6
Alice D'Amato,Italy,ITA,Balance Beam,Qualification,5.6,8.266,0,13.866,7
Julia Soares,Brazil,BRA,Balance Beam,Qualification,5.6,8.2,0,13.8,8
Sanne Wevers,Netherlands,NED,Balance Beam,Qualification,5.6,8.166,0,13.766,9
Marine Boyer,France,FRA,Balance Beam,Qualification,5.8,7.966,0,13.766,10
Huan Luo,China,CHN,Balance Beam,Qualification,6.2,7.533,0,13.733,11
Breanna Scott,Australia,AUS,Balance Beam,Qualification,5.6,8.1,0,13.7,12
Mana Okamura,Japan,JPN,Balance Beam,Qualification,5.5,8.133,0,13.633,13
Haruka Nakamura,Japan,JPN,Balance Beam,Qualification,5.6,8,0,13.6,14
Jordan Chiles,United States,USA,Balance Beam,Qualification,5.6,8,0,13.6,14
Morgane Osyssek-Reimer,France,FRA,Balance Beam,Qualification,5.6,7.933,0,13.533,16
Ana Barbosu,Romania,ROU,Balance Beam,Qualification,5.8,7.733,0,13.533,17
Qiyuan Qiu,China,CHN,Balance Beam,Qualification,6.4,7.133,0,13.533,18
Georgia-Mae Fenton,Great Britain,GBR,Balance Beam,Qualification,5.4,8.1,0,13.5,19
Rina Kishi,Japan,JPN,Balance Beam,Qualification,5.7,7.8,0,13.5,20
Cassandra Lee,Canada,CAN,Balance Beam,Qualification,5.7,7.766,0,13.466,21
Alice Kinsella,Great Britain,GBR,Balance Beam,Qualification,5.4,8.033,0,13.433,22
Rebecca Downie,Great Britain,GBR,Balance Beam,Qualification,5.4,8,0,13.4,23
Lieke Wevers,Netherlands,NED,Balance Beam,Qualification,5.2,8.166,0,13.366,24
Angela Andreoli,Italy,ITA,Balance Beam,Qualification,5.6,7.766,0,13.366,25
Pauline Schaefer-Betz,Germany,GER,Balance Beam,Qualification,5.8,7.566,0,13.366,26
Yushan Ou,China,CHN,Balance Beam,Qualification,6,7.333,0,13.333,27
Naomi Visser,Netherlands,NED,Balance Beam,Qualification,5.2,8.1,0,13.3,28
Ruby Pass,Australia,AUS,Balance Beam,Qualification,5.5,7.8,0,13.3,29
Amalia Ghigoarta,Romania,ROU,Balance Beam,Qualification,5.4,7.866,0,13.266,30
Bettina Lili Czifra,Hungary,HUN,Balance Beam,Qualification,5.6,7.633,0,13.233,31
Kaylia Nemour,Algeria,ALG,Balance Beam,Qualification,5.9,7.3,0,13.2,32
Flavia Saraiva,Brazil,BRA,Balance Beam,Qualification,5.8,7.433,0.1,13.133,33
Jade Barbosa,Brazil,BRA,Balance Beam,Qualification,5.3,7.8,0,13.1,34
Elsabeth Black,Canada,CAN,Balance Beam,Qualification,6.1,7,0,13.1,35
Lena Bickel,Switzerland,SUI,Balance Beam,Qualification,5.5,7.566,0,13.066,36
McDONALD Kate,Australia,AUS,Balance Beam,Qualification,5.3,7.733,0,13.033,37
Sona Artamonova,Czechia,CZE,Balance Beam,Qualification,5.1,7.866,0,12.966,38
Elisa Iorio,Italy,ITA,Balance Beam,Qualification,5.6,7.366,0,12.966,39
Kohane Ushioku,Japan,JPN,Balance Beam,Qualification,5,7.866,0,12.866,40
Lilia Cosman,Romania,ROU,Balance Beam,Qualification,5.6,7.233,0,12.833,41
Luisa Blanco,Colombia,COL,Balance Beam,Qualification,5.3,7.466,0,12.766,42
Nina Derwael,Belgium,BEL,Balance Beam,Qualification,5.4,7.366,0,12.766,43
Seojeong Yeo,South Korea,KOR,Balance Beam,Qualification,5.5,7.2,0,12.7,44
Alba Petisco,Spain,ESP,Balance Beam,Qualification,5.3,7.333,0,12.633,45
Hezly Rivera,United States,USA,Balance Beam,Qualification,5.6,7.133,0.1,12.633,46
Ava Stewart,Canada,CAN,Balance Beam,Qualification,5.7,6.933,0,12.633,47
Ruby Evans,Great Britain,GBR,Balance Beam,Qualification,4.8,7.8,0,12.6,48
Filipa Martins,Portugal,POR,Balance Beam,Qualification,5,7.6,0,12.6,49
Hua-Tien Ting,Chinese Taipei,TPE,Balance Beam,Qualification,5,7.533,0,12.533,50
Tisha Volleman,Netherlands,NED,Balance Beam,Qualification,4.6,7.9,0,12.5,51
Melanie de Jesus dos Santos,France,FRA,Balance Beam,Qualification,5.3,7.166,0.1,12.366,52
Solyi Shin,South Korea,KOR,Balance Beam,Qualification,5.4,6.966,0,12.366,53
Georgia-Rose Brown,New Zealand,NZL,Balance Beam,Qualification,4.7,7.633,0,12.333,54
Lihie Raz,Israel,ISR,Balance Beam,Qualification,4.9,7.4,0,12.3,55
Dohyun Eom,South Korea,KOR,Balance Beam,Qualification,5.6,6.7,0,12.3,56
Emma Malabuyo,Philippines,PHI,Balance Beam,Qualification,4.9,7.333,0,12.233,57
Sarah Voss,Germany,GER,Balance Beam,Qualification,5.4,6.833,0,12.233,58
Hillary Heron,Panama,PAN,Balance Beam,Qualification,4.6,7.566,0,12.166,59
Laura Casabuena,Spain,ESP,Balance Beam,Qualification,5.4,6.766,0,12.166,60
Helen Kevric,Germany,GER,Balance Beam,Qualification,5.1,7.033,0,12.133,61
Aurelie Tran,Canada,CAN,Balance Beam,Qualification,5.1,6.966,0,12.066,62
Yunseo Lee,South Korea,KOR,Balance Beam,Qualification,4.7,7.3,0,12,63
Levi Ruivivar,Philippines,PHI,Balance Beam,Qualification,4.4,7.466,0,11.866,64
Anna Lashchevska,Ukraine,UKR,Balance Beam,Qualification,5.6,6.266,0,11.866,65
Emma Nedov,Australia,AUS,Balance Beam,Qualification,5,6.8,0,11.8,66
Ana Perez,Spain,ESP,Balance Beam,Qualification,5.2,6.6,0,11.8,67
Ahtziri Sandoval,Mexico,MEX,Balance Beam,Qualification,4.8,6.933,0,11.733,68
Maellyse Brassart,Belgium,BEL,Balance Beam,Qualification,4.8,6.8,0,11.6,69
Lynnzee Brown,Haiti,HAI,Balance Beam,Qualification,3.9,7.633,0,11.533,70
Aleah Finnegan,Philippines,PHI,Balance Beam,Qualification,4.8,6.666,0,11.466,71
Jana Mahmoud,Egypt,EGY,Balance Beam,Qualification,4.6,6.8,0,11.4,72
Caitlin Rooskrantz,South Africa,RSA,Balance Beam,Qualification,4.7,6.633,0,11.333,73
Alexa Moreno,Mexico,MEX,Balance Beam,Qualification,5.2,6.1,0.1,11.2,74
Charlize Moerz,AUT,AUT,Balance Beam,Qualification,4.8,6.3,0,11.1,75
Coline Devillard,France,FRA,Balance Beam,Qualification,5.5,5.366,0,10.866,76
Valentina Georgieva,Bulgaria,BUL,Balance Beam,Qualification,4.6,6.033,0,10.633,77
Lucija Hribar,Slovenia,SLO,Balance Beam,Qualification,4.2,5.933,0,10.133,78
Simone Biles,United States,USA,Floor Exercise,Qualification,6.8,7.9,0.1,14.6,1
Rebeca Andrade,Brazil,BRA,Floor Exercise,Qualification,5.9,8,0,13.9,2
Jordan Chiles,United States,USA,Floor Exercise,Qualification,5.8,8.066,0,13.866,3
Sabrina Maneca-Voinea,Romania,ROU,Floor Exercise,Qualification,6.2,7.6,0,13.8,4
Alice D'Amato,Italy,ITA,Floor Exercise,Qualification,5.6,8.1,0,13.7,5
Yushan Ou,China,CHN,Floor Exercise,Qualification,5.6,8.066,0,13.666,6
Manila Esposito,Italy,ITA,Floor Exercise,Qualification,5.7,7.933,0,13.633,7
Ana Barbosu,Romania,ROU,Floor Exercise,Qualification,5.6,8,0,13.6,8
Rina Kishi,Japan,JPN,Floor Exercise,Qualification,5.6,8,0,13.6,8
Yihan Zhang,China,CHN,Floor Exercise,Qualification,5.5,8.033,0,13.533,10
Julia Soares,Brazil,BRA,Floor Exercise,Qualification,5.4,8.1,0,13.5,11
Jade Barbosa,Brazil,BRA,Floor Exercise,Qualification,5.5,8,0,13.5,12
Angela Andreoli,Italy,ITA,Floor Exercise,Qualification,5.8,7.7,0,13.5,13
Yaqin Zhou,China,CHN,Floor Exercise,Qualification,5.5,7.966,0,13.466,14
Elsabeth Black,Canada,CAN,Floor Exercise,Qualification,5.6,7.9,0.1,13.4,15
Amalia Ghigoarta,Romania,ROU,Floor Exercise,Qualification,5.2,8.133,0,13.333,16
Haruka Nakamura,Japan,JPN,Floor Exercise,Qualification,5.5,7.866,0.1,13.266,17
Abigail Martin,Great Britain,GBR,Floor Exercise,Qualification,5.8,7.466,0,13.266,18
Mana Okamura,Japan,JPN,Floor Exercise,Qualification,5.2,8,0,13.2,19
Qiyuan Qiu,China,CHN,Floor Exercise,Qualification,5.1,8.066,0,13.166,20
Flavia Saraiva,Brazil,BRA,Floor Exercise,Qualification,5.5,7.966,0.3,13.166,21
Kaylia Nemour,Algeria,ALG,Floor Exercise,Qualification,5.6,7.566,0,13.166,22
Ruby Evans,Great Britain,GBR,Floor Exercise,Qualification,5.3,7.833,0,13.133,23
Sunisa Lee,United States,USA,Floor Exercise,Qualification,5.4,8,0.3,13.1,24
Emma Malabuyo,Philippines,PHI,Floor Exercise,Qualification,5.3,7.8,0,13.1,25
Aurelie Tran,Canada,CAN,Floor Exercise,Qualification,5,8.066,0,13.066,26
Helen Kevric,Germany,GER,Floor Exercise,Qualification,5.6,7.766,0.3,13.066,27
Laura Casabuena,Spain,ESP,Floor Exercise,Qualification,5.1,7.933,0,13.033,28
Hillary Heron,Panama,PAN,Floor Exercise,Qualification,5.3,7.733,0,13.033,29
Ruby Pass,Australia,AUS,Floor Exercise,Qualification,5.1,7.766,0,12.866,30
Ana Perez,Spain,ESP,Floor Exercise,Qualification,5.2,7.666,0,12.866,31
Sarah Voss,Germany,GER,Floor Exercise,Qualification,5.2,7.666,0,12.866,31
Lihie Raz,Israel,ISR,Floor Exercise,Qualification,5.2,7.633,0,12.833,33
Marine Boyer,France,FRA,Floor Exercise,Qualification,5.2,7.633,0,12.833,33
Elisa Iorio,Italy,ITA,Floor Exercise,Qualification,5.1,7.7,0,12.8,35
Alexa Moreno,Mexico,MEX,Floor Exercise,Qualification,5.6,7.2,0,12.8,36
Aleah Finnegan,Philippines,PHI,Floor Exercise,Qualification,4.7,8.033,0,12.733,37
Alice Kinsella,Great Britain,GBR,Floor Exercise,Qualification,4.9,7.833,0,12.733,38
Emily Whitehead,Australia,AUS,Floor Exercise,Qualification,5,7.733,0,12.733,39
Seojeong Yeo,South Korea,KOR,Floor Exercise,Qualification,5.1,7.633,0,12.733,40
Melanie de Jesus dos Santos,France,FRA,Floor Exercise,Qualification,5.6,7.1,0,12.7,41
Filipa Martins,Portugal,POR,Floor Exercise,Qualification,4.8,7.833,0,12.633,42
Luisa Blanco,Colombia,COL,Floor Exercise,Qualification,4.8,7.833,0,12.633,42
Ava Stewart,Canada,CAN,Floor Exercise,Qualification,4.9,7.733,0,12.633,44
Bettina Lili Czifra,Hungary,HUN,Floor Exercise,Qualification,5.6,7,0,12.6,45
Kohane Ushioku,Japan,JPN,Floor Exercise,Qualification,5.1,7.766,0.3,12.566,46
Tisha Volleman,Netherlands,NED,Floor Exercise,Qualification,5,7.566,0,12.566,47
Anna Lashchevska,Ukraine,UKR,Floor Exercise,Qualification,5.1,7.466,0,12.566,48
Maellyse Brassart,Belgium,BEL,Floor Exercise,Qualification,4.7,7.833,0,12.533,49
Solyi Shin,South Korea,KOR,Floor Exercise,Qualification,5.1,7.433,0,12.533,50
Ming van Eijken,France,FRA,Floor Exercise,Qualification,5.2,7.6,0.3,12.5,51
Georgia-Mae Fenton,Great Britain,GBR,Floor Exercise,Qualification,5,7.666,0.2,12.466,52
Lilia Cosman,Romania,ROU,Floor Exercise,Qualification,5.2,7.266,0,12.466,53
Levi Ruivivar,Philippines,PHI,Floor Exercise,Qualification,4.7,7.833,0.1,12.433,54
Lena Bickel,Switzerland,SUI,Floor Exercise,Qualification,5.3,7.533,0.4,12.433,55
Cassandra Lee,Canada,CAN,Floor Exercise,Qualification,4.7,7.666,0,12.366,56
Pauline Schaefer-Betz,Germany,GER,Floor Exercise,Qualification,4.7,7.666,0,12.366,56
Jana Mahmoud,Egypt,EGY,Floor Exercise,Qualification,4.8,7.566,0,12.366,58
Dohyun Eom,South Korea,KOR,Floor Exercise,Qualification,5.1,7.266,0,12.366,59
Emma Nedov,Australia,AUS,Floor Exercise,Qualification,4.7,7.733,0.1,12.333,60
Lieke Wevers,Netherlands,NED,Floor Exercise,Qualification,4.7,7.9,0.3,12.3,61
Sona Artamonova,Czechia,CZE,Floor Exercise,Qualification,4.8,7.5,0,12.3,62
Georgia-Rose Brown,New Zealand,NZL,Floor Exercise,Qualification,4.3,7.933,0,12.233,63
Lynnzee Brown,Haiti,HAI,Floor Exercise,Qualification,4.8,7.433,0,12.233,64
Naomi Visser,Netherlands,NED,Floor Exercise,Qualification,5.4,6.833,0,12.233,65
McDONALD Kate,Australia,AUS,Floor Exercise,Qualification,5.1,7,0,12.1,66
Morgane Osyssek-Reimer,France,FRA,Floor Exercise,Qualification,5.5,6.833,0.3,12.033,67
Ahtziri Sandoval,Mexico,MEX,Floor Exercise,Qualification,4.7,7.133,0,11.833,68
Alba Petisco,Spain,ESP,Floor Exercise,Qualification,5,6.8,0,11.8,69
Charlize Moerz,AUT,AUT,Floor Exercise,Qualification,5.3,6.533,0.1,11.733,70
Lucija Hribar,Slovenia,SLO,Floor Exercise,Qualification,4.3,7.366,0,11.666,71
Chang Ok An,North Korea,PRK,Floor Exercise,Qualification,4.6,7.166,0.1,11.666,72
Caitlin Rooskrantz,South Africa,RSA,Floor Exercise,Qualification,4.4,6.766,0.3,10.866,73
Jade Carey,United States,USA,Floor Exercise,Qualification,5.1,6.433,0.9,10.633,74
Yunseo Lee,South Korea,KOR,Floor Exercise,Qualification,4.3,6.066,0.3,10.066,75
Jade Carey,United States,USA,Vault,Team Final,5.6,9.2,0,14.8,1
Jordan Chiles,United States,USA,Vault,Team Final,5,9.4,0,14.4,1
Simone Biles,United States,USA,Vault,Team Final,5.6,9.3,0,14.9,1
Alice D'Amato,Italy,ITA,Vault,Team Final,5,8.933,0,13.933,2
Angela Andreoli,Italy,ITA,Vault,Team Final,4.6,8.966,0,13.566,2
Manila Esposito,Italy,ITA,Vault,Team Final,5,9.166,0,14.166,2
Flavia Saraiva,Brazil,BRA,Vault,Team Final,5,8.9,0,13.9,3
Jade Barbosa,Brazil,BRA,Vault,Team Final,5,8.466,0.1,13.366,3
Rebeca Andrade,Brazil,BRA,Vault,Team Final,5.6,9.5,0,15.1,3
Alice Kinsella,Great Britain,GBR,Vault,Team Final,5,8.966,0,13.966,4
Georgia-Mae Fenton,Great Britain,GBR,Vault,Team Final,4.6,9.2,0,13.8,4
Ruby Evans,Great Britain,GBR,Vault,Team Final,5.4,8.866,0.3,13.966,4
Ava Stewart,Canada,CAN,Vault,Team Final,4.6,8.7,0,13.3,5
Elsabeth Black,Canada,CAN,Vault,Team Final,5,9.166,0,14.166,5
Shallon Olsen,Canada,CAN,Vault,Team Final,5.6,8.8,0,14.4,5
Huan Luo,China,CHN,Vault,Team Final,4.2,8.966,0,13.166,6
Qiyuan Qiu,China,CHN,Vault,Team Final,4.4,8.733,0,13.133,6
Yihan Zhang,China,CHN,Vault,Team Final,5.2,8.6,0.1,13.7,6
Ana Barbosu,Romania,ROU,Vault,Team Final,5.2,8.733,0,13.933,7
Lilia Cosman,Romania,ROU,Vault,Team Final,4.6,8.833,0,13.433,7
Sabrina Maneca-Voinea,Romania,ROU,Vault,Team Final,5,8.633,0,13.633,7
Haruka Nakamura,Japan,JPN,Vault,Team Final,4.2,8.766,0,12.966,8
Kohane Ushioku,Japan,JPN,Vault,Team Final,5,8.833,0,13.833,8
Rina Kishi,Japan,JPN,Vault,Team Final,5,8.966,0,13.966,8
Jordan Chiles,United States,USA,Uneven Bars,Team Final,6,8.366,0,14.366,1
Simone Biles,United States,USA,Uneven Bars,Team Final,6.2,8.2,0,14.4,1
Sunisa Lee,United States,USA,Uneven Bars,Team Final,6.3,8.266,0,14.566,1
Alice D'Amato,Italy,ITA,Uneven Bars,Team Final,6.3,8.333,0,14.633,2
Elisa Iorio,Italy,ITA,Uneven Bars,Team Final,6.3,7.966,0,14.266,2
Giorgia Villa,Italy,ITA,Uneven Bars,Team Final,5.8,7.966,0,13.766,2
Flavia Saraiva,Brazil,BRA,Uneven Bars,Team Final,5.6,8.066,0,13.666,3
Lorrane Oliveira,Brazil,BRA,Uneven Bars,Team Final,5.5,7.5,0,13,3
Rebeca Andrade,Brazil,BRA,Uneven Bars,Team Final,6.2,8.333,0,14.533,3
Alice Kinsella,Great Britain,GBR,Uneven Bars,Team Final,6,7.3,0,13.3,4
Georgia-Mae Fenton,Great Britain,GBR,Uneven Bars,Team Final,5.8,8.2,0,14,4
Rebecca Downie,Great Britain,GBR,Uneven Bars,Team Final,6.7,8.233,0,14.933,4
Aurelie Tran,Canada,CAN,Uneven Bars,Team Final,5.3,8.2,0,13.5,5
Ava Stewart,Canada,CAN,Uneven Bars,Team Final,5.5,8,0,13.5,5
Elsabeth Black,Canada,CAN,Uneven Bars,Team Final,5.7,7.1,0,12.8,5
Huan Luo,China,CHN,Uneven Bars,Team Final,6.1,7.833,0,13.933,6
Qiyuan Qiu,China,CHN,Uneven Bars,Team Final,6.6,7.7,0,14.3,6
Yihan Zhang,China,CHN,Uneven Bars,Team Final,6.4,8.033,0,14.433,6
Amalia Ghigoarta,Romania,ROU,Uneven Bars,Team Final,5.3,8.033,0,13.333,7
Ana Barbosu,Romania,ROU,Uneven Bars,Team Final,6.1,6.633,0.3,12.433,7
Lilia Cosman,Romania,ROU,Uneven Bars,Team Final,5.4,7.733,0,13.133,7
Haruka Nakamura,Japan,JPN,Uneven Bars,Team Final,5.8,6.633,0,12.433,8
Mana Okamura,Japan,JPN,Uneven Bars,Team Final,5.6,7.5,0,13.1,8
Rina Kishi,Japan,JPN,Uneven Bars,Team Final,5.5,8.1,0,13.6,8
Jordan Chiles,United States,USA,Balance Beam,Team Final,5.6,7.133,0,12.733,1
Simone Biles,United States,USA,Balance Beam,Team Final,6.4,7.966,0,14.366,1
Sunisa Lee,United States,USA,Balance Beam,Team Final,6.4,8.2,0,14.6,1
Alice D'Amato,Italy,ITA,Balance Beam,Team Final,5.6,8.333,0,13.933,2
Angela Andreoli,Italy,ITA,Balance Beam,Team Final,5.6,7.7,0,13.3,2
Manila Esposito,Italy,ITA,Balance Beam,Team Final,5.8,8.166,0,13.966,2
Flavia Saraiva,Brazil,BRA,Balance Beam,Team Final,5.5,7.933,0,13.433,3
Julia Soares,Brazil,BRA,Balance Beam,Team Final,5.4,7,0,12.4,3
Rebeca Andrade,Brazil,BRA,Balance Beam,Team Final,6.1,8.033,0,14.133,3
Alice Kinsella,Great Britain,GBR,Balance Beam,Team Final,5.5,8.1,0,13.6,4
Georgia-Mae Fenton,Great Britain,GBR,Balance Beam,Team Final,5.5,8.066,0,13.566,4
Rebecca Downie,Great Britain,GBR,Balance Beam,Team Final,4.8,8.133,0,12.933,4
Ava Stewart,Canada,CAN,Balance Beam,Team Final,6,7.8,0,13.8,5
Cassandra Lee,Canada,CAN,Balance Beam,Team Final,5.8,7.533,0,13.333,5
Elsabeth Black,Canada,CAN,Balance Beam,Team Final,6.4,7.9,0,14.3,5
Huan Luo,China,CHN,Balance Beam,Team Final,6.1,7.8,0,13.9,6
Qiyuan Qiu,China,CHN,Balance Beam,Team Final,6.4,8.2,0,14.6,6
Yaqin Zhou,China,CHN,Balance Beam,Team Final,6.1,6.3,0.1,12.3,6
Amalia Ghigoarta,Romania,ROU,Balance Beam,Team Final,5.4,7.1,0,12.5,7
Ana Barbosu,Romania,ROU,Balance Beam,Team Final,4.9,7.8,0,12.7,7
Sabrina Maneca-Voinea,Romania,ROU,Balance Beam,Team Final,6.1,7.7,0,13.8,7
Haruka Nakamura,Japan,JPN,Balance Beam,Team Final,5.6,7.2,0,12.8,8
Mana Okamura,Japan,JPN,Balance Beam,Team Final,5.6,8.1,0,13.7,8
Rina Kishi,Japan,JPN,Balance Beam,Team Final,5.5,7.966,0,13.466,8
Jordan Chiles,United States,USA,Floor Exercise,Team Final,5.8,8.166,0,13.966,1
Simone Biles,United States,USA,Floor Exercise,Team Final,6.8,8.066,0.2,14.666,1
Sunisa Lee,United States,USA,Floor Exercise,Team Final,5.4,8.133,0,13.533,1
Alice D'Amato,Italy,ITA,Floor Exercise,Team Final,5.6,7.966,0.1,13.466,2
Angela Andreoli,Italy,ITA,Floor Exercise,Team Final,5.9,7.933,0,13.833,2
Manila Esposito,Italy,ITA,Floor Exercise,Team Final,5.1,7.666,0.1,12.666,2
Flavia Saraiva,Brazil,BRA,Floor Exercise,Team Final,5.4,8.133,0,13.533,3
Julia Soares,Brazil,BRA,Floor Exercise,Team Final,5.3,7.933,0,13.233,3
Rebeca Andrade,Brazil,BRA,Floor Exercise,Team Final,6.1,8.1,0,14.2,3
Abigail Martin,Great Britain,GBR,Floor Exercise,Team Final,5.8,7.666,0,13.466,4
Alice Kinsella,Great Britain,GBR,Floor Exercise,Team Final,5.6,8.033,0,13.633,4
Ruby Evans,Great Britain,GBR,Floor Exercise,Team Final,5.3,7.8,0,13.1,4
Aurelie Tran,Canada,CAN,Floor Exercise,Team Final,5,8.1,0,13.1,5
Cassandra Lee,Canada,CAN,Floor Exercise,Team Final,4.7,7.9,0,12.6,5
Elsabeth Black,Canada,CAN,Floor Exercise,Team Final,5.6,8.033,0,13.633,5
Yaqin Zhou,China,CHN,Floor Exercise,Team Final,5.5,7.7,0,13.2,6
Yihan Zhang,China,CHN,Floor Exercise,Team Final,5.2,7.533,0,12.733,6
Yushan Ou,China,CHN,Floor Exercise,Team Final,5.1,7.633,0,12.733,6
Amalia Ghigoarta,Romania,ROU,Floor Exercise,Team Final,5.1,8.033,0,13.133,7
Ana Barbosu,Romania,ROU,Floor Exercise,Team Final,5.8,8.066,0.3,13.566,7
Sabrina Maneca-Voinea,Romania,ROU,Floor Exercise,Team Final,6,7.9,0,13.9,7
Haruka Nakamura,Japan,JPN,Floor Exercise,Team Final,5.4,7.833,0,13.233,8
Mana Okamura,Japan,JPN,Floor Exercise,Team Final,5,7.933,0,12.933,8
Rina Kishi,Japan,JPN,Floor Exercise,Team Final,5.6,7.833,0,13.433,8
Simone Biles,United States,USA,Vault,All-Around Final,6.4,9.366,0,15.766,1
Rebeca Andrade,Brazil,BRA,Vault,All-Around Final,5.6,9.5,0,15.1,2
Sunisa Lee,United States,USA,Vault,All-Around Final,5,8.933,0,13.933,3
Alice D'Amato,Italy,ITA,Vault,All-Around Final,5,9,0,14,4
Kaylia Nemour,Algeria,ALG,Vault,All-Around Final,5,9.033,0,14.033,5
Elsabeth Black,Canada,CAN,Vault,All-Around Final,5,9.1,0,14.1,6
Qiyuan Qiu,China,CHN,Vault,All-Around Final,4.4,8.733,0,13.133,7
Helen Kevric,Germany,GER,Vault,All-Around Final,5,8.866,0,13.866,8
Flavia Saraiva,Brazil,BRA,Vault,All-Around Final,5,8.633,0,13.633,9
Naomi Visser,Netherlands,NED,Vault,All-Around Final,4.2,8.766,0,12.966,10
Rina Kishi,Japan,JPN,Vault,All-Around Final,5,8.766,0,13.766,11
Alice Kinsella,Great Britain,GBR,Vault,All-Around Final,5,8.8,0,13.8,12
Ruby Pass,Australia,AUS,Vault,All-Around Final,5,8.733,0.1,13.633,13
Manila Esposito,Italy,ITA,Vault,All-Around Final,5,8.866,0,13.866,14
Haruka Nakamura,Japan,JPN,Vault,All-Around Final,4.2,8.633,0,12.833,15
Yushan Ou,China,CHN,Vault,All-Around Final,4.2,8.766,0,12.966,16
Ana Barbosu,Romania,ROU,Vault,All-Around Final,5.2,8.8,0,14,17
Georgia-Mae Fenton,Great Britain,GBR,Vault,All-Around Final,4.6,9.033,0,13.633,18
Ava Stewart,Canada,CAN,Vault,All-Around Final,4.6,8.733,0,13.333,19
Filipa Martins,Portugal,POR,Vault,All-Around Final,5,7.6,0.1,12.5,20
Bettina Lili Czifra,Hungary,HUN,Vault,All-Around Final,4.2,8.766,0,12.966,21
Amalia Ghigoarta,Romania,ROU,Vault,All-Around Final,4.2,8.9,0,13.1,22
Luisa Blanco,Colombia,COL,Vault,All-Around Final,4.6,8.9,0,13.5,23
Sarah Voss,Germany,GER,Vault,All-Around Final,5,7.8,0.3,12.5,24
Simone Biles,United States,USA,Uneven Bars,All-Around Final,6.2,7.533,0,13.733,1
Rebeca Andrade,Brazil,BRA,Uneven Bars,All-Around Final,6.2,8.466,0,14.666,2
Sunisa Lee,United States,USA,Uneven Bars,All-Around Final,6.4,8.466,0,14.866,3
Alice D'Amato,Italy,ITA,Uneven Bars,All-Around Final,6.4,8.4,0,14.8,4
Kaylia Nemour,Algeria,ALG,Uneven Bars,All-Around Final,7.2,8.333,0,15.533,5
Elsabeth Black,Canada,CAN,Uneven Bars,All-Around Final,6,8.066,0,14.066,6
Qiyuan Qiu,China,CHN,Uneven Bars,All-Around Final,6.6,7.3,0,13.9,7
Helen Kevric,Germany,GER,Uneven Bars,All-Around Final,6.2,8.266,0,14.466,8
Flavia Saraiva,Brazil,BRA,Uneven Bars,All-Around Final,5.6,8.3,0,13.9,9
Naomi Visser,Netherlands,NED,Uneven Bars,All-Around Final,6.1,8.166,0,14.266,10
Rina Kishi,Japan,JPN,Uneven Bars,All-Around Final,5.6,8.233,0,13.833,11
Alice Kinsella,Great Britain,GBR,Uneven Bars,All-Around Final,6,8.133,0,14.133,12
Ruby Pass,Australia,AUS,Uneven Bars,All-Around Final,6.1,7.633,0,13.733,13
Manila Esposito,Italy,ITA,Uneven Bars,All-Around Final,5.5,7.3,0,12.8,14
Haruka Nakamura,Japan,JPN,Uneven Bars,All-Around Final,6.1,7.833,0,13.933,15
Yushan Ou,China,CHN,Uneven Bars,All-Around Final,5.8,8.166,0,13.966,16
Ana Barbosu,Romania,ROU,Uneven Bars,All-Around Final,6,6.433,0,12.433,17
Georgia-Mae Fenton,Great Britain,GBR,Uneven Bars,All-Around Final,5.7,8.1,0,13.8,18
Ava Stewart,Canada,CAN,Uneven Bars,All-Around Final,5.8,6.833,0,12.633,19
Filipa Martins,Portugal,POR,Uneven Bars,All-Around Final,5.3,8.266,0,13.566,20
Bettina Lili Czifra,Hungary,HUN,Uneven Bars,All-Around Final,5.9,8,0,13.9,21
Amalia Ghigoarta,Romania,ROU,Uneven Bars,All-Around Final,5.3,7.266,0,12.566,22
Luisa Blanco,Colombia,COL,Uneven Bars,All-Around Final,4.5,6.933,0.3,11.133,23
Sarah Voss,Germany,GER,Uneven Bars,All-Around Final,5.2,7.133,0,12.333,24
Simone Biles,United States,USA,Balance Beam,All-Around Final,6.4,8.166,0,14.566,1
Rebeca Andrade,Brazil,BRA,Balance Beam,All-Around Final,6.1,8.033,0,14.133,2
Sunisa Lee,United States,USA,Balance Beam,All-Around Final,6.2,7.8,0,14,3
Alice D'Amato,Italy,ITA,Balance Beam,All-Around Final,5.8,8.233,0,14.033,4
Kaylia Nemour,Algeria,ALG,Balance Beam,All-Around Final,5.6,7.633,0,13.233,5
Elsabeth Black,Canada,CAN,Balance Beam,All-Around Final,6,6.933,0,12.933,6
Qiyuan Qiu,China,CHN,Balance Beam,All-Around Final,6.4,8.1,0,14.5,7
Helen Kevric,Germany,GER,Balance Beam,All-Around Final,5.4,8,0,13.4,8
Flavia Saraiva,Brazil,BRA,Balance Beam,All-Around Final,5.9,8.366,0,14.266,9
Naomi Visser,Netherlands,NED,Balance Beam,All-Around Final,5.2,8.133,0,13.333,10
Rina Kishi,Japan,JPN,Balance Beam,All-Around Final,5.6,7.533,0,13.133,11
Alice Kinsella,Great Britain,GBR,Balance Beam,All-Around Final,5.5,7.533,0,13.033,12
Ruby Pass,Australia,AUS,Balance Beam,All-Around Final,5.6,7.866,0,13.466,13
Manila Esposito,Italy,ITA,Balance Beam,All-Around Final,6,8.2,0,14.2,14
Haruka Nakamura,Japan,JPN,Balance Beam,All-Around Final,5.8,7.9,0,13.7,15
Yushan Ou,China,CHN,Balance Beam,All-Around Final,6,8.033,0,14.033,16
Ana Barbosu,Romania,ROU,Balance Beam,All-Around Final,5.6,6.866,0,12.466,17
Georgia-Mae Fenton,Great Britain,GBR,Balance Beam,All-Around Final,4.4,6.9,0,11.3,18
Ava Stewart,Canada,CAN,Balance Beam,All-Around Final,6,7.166,0,13.166,19
Filipa Martins,Portugal,POR,Balance Beam,All-Around Final,4.9,7.8,0,12.7,20
Bettina Lili Czifra,Hungary,HUN,Balance Beam,All-Around Final,4.8,6.6,0,11.4,21
Amalia Ghigoarta,Romania,ROU,Balance Beam,All-Around Final,5.1,6.8,0,11.9,22
Luisa Blanco,Colombia,COL,Balance Beam,All-Around Final,5.3,7.566,0,12.866,23
Sarah Voss,Germany,GER,Balance Beam,All-Around Final,5.6,6.7,0,12.3,24
Simone Biles,United States,USA,Floor Exercise,All-Around Final,6.9,8.166,0,15.066,1
Rebeca Andrade,Brazil,BRA,Floor Exercise,All-Around Final,5.9,8.233,0.1,14.033,2
Sunisa Lee,United States,USA,Floor Exercise,All-Around Final,5.4,8.266,0,13.666,3
Alice D'Amato,Italy,ITA,Floor Exercise,All-Around Final,5.6,8,0.1,13.5,4
Kaylia Nemour,Algeria,ALG,Floor Exercise,All-Around Final,5.5,7.7,0.1,13.1,5
Elsabeth Black,Canada,CAN,Floor Exercise,All-Around Final,5.6,8.1,0,13.7,6
Qiyuan Qiu,China,CHN,Floor Exercise,All-Around Final,5.1,8.133,0,13.233,7
Helen Kevric,Germany,GER,Floor Exercise,All-Around Final,5.5,7.366,0,12.866,8
Flavia Saraiva,Brazil,BRA,Floor Exercise,All-Around Final,5.4,7.133,0.3,12.233,9
Naomi Visser,Netherlands,NED,Floor Exercise,All-Around Final,5.4,8,0,13.4,10
Rina Kishi,Japan,JPN,Floor Exercise,All-Around Final,5.7,7.533,0,13.233,11
Alice Kinsella,Great Britain,GBR,Floor Exercise,All-Around Final,4.9,7.933,0,12.833,12
Ruby Pass,Australia,AUS,Floor Exercise,All-Around Final,5.2,7.766,0,12.966,13
Manila Esposito,Italy,ITA,Floor Exercise,All-Around Final,5.7,7.033,0,12.733,14
Haruka Nakamura,Japan,JPN,Floor Exercise,All-Around Final,5.3,7.333,0,12.633,15
Yushan Ou,China,CHN,Floor Exercise,All-Around Final,5.1,6.833,0,11.933,16
Ana Barbosu,Romania,ROU,Floor Exercise,All-Around Final,5.7,7.866,0,13.566,17
Georgia-Mae Fenton,Great Britain,GBR,Floor Exercise,All-Around Final,5.2,7.833,0,13.033,18
Ava Stewart,Canada,CAN,Floor Exercise,All-Around Final,4.9,7.6,0,12.5,19
Filipa Martins,Portugal,POR,Floor Exercise,All-Around Final,4.8,7.766,0.1,12.466,20
Bettina Lili Czifra,Hungary,HUN,Floor Exercise,All-Around Final,5.8,7.233,0.2,12.833,21
Amalia Ghigoarta,Romania,ROU,Floor Exercise,All-Around Final,5.2,7.966,0,13.166,22
Luisa Blanco,Colombia,COL,Floor Exercise,All-Around Final,4.7,8,0,12.7,23
Sarah Voss,Germany,GER,Floor Exercise,All-Around Final,5,7.866,0,12.866,24
Simone Biles,United States,USA,Vault,Event Final,6.4,9.4,0.1,15.7,1
Simone Biles,United States,USA,Vault,Event Final,5.6,9.3,0,14.9,1
Rebeca Andrade,Brazil,BRA,Vault,Event Final,5.6,9.5,0,15.1,2
Rebeca Andrade,Brazil,BRA,Vault,Event Final,5.4,9.433,0,14.833,2
Jade Carey,United States,USA,Vault,Event Final,5.6,9.133,0,14.733,3
Jade Carey,United States,USA,Vault,Event Final,5,9.2,0,14.2,3
Chang Ok An,North Korea,PRK,Vault,Event Final,5,9.066,0,14.066,4
Chang Ok An,North Korea,PRK,Vault,Event Final,5.6,8.766,0,14.366,4
Valentina Georgieva,Bulgaria,BUL,Vault,Event Final,5,9.1,0,14.1,5
Valentina Georgieva,Bulgaria,BUL,Vault,Event Final,4.8,9.066,0,13.866,5
Elsabeth Black,Canada,CAN,Vault,Event Final,5,9.1,0,14.1,6
Elsabeth Black,Canada,CAN,Vault,Event Final,4.8,8.966,0,13.766,6
Seojeong Yeo,South Korea,KOR,Vault,Event Final,5.4,8.766,0,14.166,7
Seojeong Yeo,South Korea,KOR,Vault,Event Final,5,7.666,0,12.666,7
Shallon Olsen,Canada,CAN,Vault,Event Final,5.6,8.5,0,14.1,8
Shallon Olsen,Canada,CAN,Vault,Event Final,5,7.633,0,12.633,8
Kaylia Nemour,Algeria,ALG,Uneven Bars,Event Final,7.2,8.5,0,15.7,1
Qiyuan Qiu,China,CHN,Uneven Bars,Event Final,7.2,8.3,0,15.5,2
Sunisa Lee,United States,USA,Uneven Bars,Event Final,6.4,8.4,0,14.8,3
Nina Derwael,Belgium,BEL,Uneven Bars,Event Final,6.5,8.266,0,14.766,4
Alice D'Amato,Italy,ITA,Uneven Bars,Event Final,6.4,8.333,0,14.733,5
Helen Kevric,Germany,GER,Uneven Bars,Event Final,6.4,8.166,0,14.566,6
Rebecca Downie,Great Britain,GBR,Uneven Bars,Event Final,6.5,7.133,0,13.633,7
Yihan Zhang,China,CHN,Uneven Bars,Event Final,6.1,6.7,0,12.8,8
Alice D'Amato,Italy,ITA,Balance Beam,Event Final,5.8,8.566,0,14.366,1
Yaqin Zhou,China,CHN,Balance Beam,Event Final,6.6,7.5,0,14.1,2
Manila Esposito,Italy,ITA,Balance Beam,Event Final,5.8,8.2,0,14,3
Rebeca Andrade,Brazil,BRA,Balance Beam,Event Final,5.7,8.233,0,13.933,4
Simone Biles,United States,USA,Balance Beam,Event Final,6.2,7.2,0.3,13.1,5
Sunisa Lee,United States,USA,Balance Beam,Event Final,6.2,6.9,0,13.1,6
Julia Soares,Brazil,BRA,Balance Beam,Event Final,5.3,7.033,0,12.333,7
Sabrina Maneca-Voinea,Romania,ROU,Balance Beam,Event Final,5.8,5.933,0,11.733,8
Rebeca Andrade,Brazil,BRA,Floor Exercise,Event Final,5.9,8.266,0,14.166,1
Simone Biles,United States,USA,Floor Exercise,Event Final,6.9,7.833,0.6,14.133,2
Jordan Chiles,United States,USA,Floor Exercise,Event Final,5.9,7.866,0,13.766,3
Ana Barbosu,Romania,ROU,Floor Exercise,Event Final,5.8,8,0.1,13.7,4
Sabrina Maneca-Voinea,Romania,ROU,Floor Exercise,Event Final,5.9,7.9,0.1,13.7,5
Alice D'Amato,Italy,ITA,Floor Exercise,Event Final,5.6,8.1,0.1,13.6,6
Rina Kishi,Japan,JPN,Floor Exercise,Event Final,5.7,7.566,0.1,13.166,7
Yushan Ou,China,CHN,Floor Exercise,Event Final,5.6,7.7,0.3,13,8
Manila Esposito,Italy,ITA,Floor Exercise,Event Final,5.7,6.533,0.1,12.133,9
