county,land_area_m2,land_area_mi2,pop_2020,pop_dens_2020,county_type,median_hh_income,p_foreign_born,p_child_poverty,p_single_parent_hh,p_broadband,p_home_ownership,p_family_sustaining_wage,p_edu_lths,p_edu_hsged,p_edu_scnd,p_edu_ndc,p_edu_assoc,p_edu_ba,p_edu_mapl,p_edu_hs_grad_rate,p_edu_chronic_absent_rate
Alamance,1096735775,423.45205013315683,171415,404.8038023339304,Suburban,66652,0.0952044427394867,0.16078512370586395,0.18861864507198334,0.7631098031997681,0.6500385403633118,0.5016804933547974,0.0949740931391716,0.2713448405265808,0.13161051273345947,0.07500000298023224,0.11493290215730667,0.2153605967760086,0.09678441286087036,0.8399999737739563,0.3006286025047302
Alexander,673358184,259.9850483483494,36444,140.17729185398895,Rural - Metro,66198,0.030099967494606972,0.2239348590373993,0.1531926989555359,0.6518476605415344,0.8068101406097412,0.4970724582672119,0.13650476932525635,0.32557108998298645,0.15469062328338623,0.07500000298023224,0.12319804728031158,0.13040585815906525,0.05466844141483307,0.8399999737739563,0.174324631690979
Alleghany,608220280,234.83516300775605,10888,46.364436486202,Rural - Non-Metro,53354,0.05110076814889908,0.2712882161140442,0.08904770761728287,0.7123816609382629,0.7442534565925598,0.37643811106681824,0.16636113822460175,0.2832264006137848,0.13336388766765594,0.07500000298023224,0.11869844049215317,0.16315306723117828,0.060036662966012955,0.949999988079071,0.12685459852218628
Anson,1376478143,531.4611822677441,22055,41.49879753379418,Rural - Metro,57324,0.032841313630342484,0.3215909004211426,0.2390032708644867,0.6650678515434265,0.6851895451545715,0.408620685338974,0.13636364042758942,0.5216450095176697,0.11172161251306534,0.07500000298023224,0.06277056038379669,0.06859806925058365,0.023976024240255356,0.7599999904632568,0.42042526602745056
Ashe,1104018852,426.26406188405247,26577,62.34867627013129,Rural - Non-Metro,57567,0.02827458269894123,0.15851490199565887,0.14670929312705994,0.7838701605796814,0.79378741979599,0.45030173659324646,0.06691253930330276,0.28222692012786865,0.1424306333065033,0.07500000298023224,0.16051983833312988,0.1940639317035675,0.07885493338108063,0.9200000166893005,0.13701200485229492
Avery,640602137,247.33786789469085,17806,71.99059388504662,Rural - Non-Metro,58017,0.041911765933036804,0.08363489806652069,0.11971727013587952,0.6328964829444885,0.8300691843032837,0.42572253942489624,0.12242509424686432,0.34901684522628784,0.10159175843000412,0.07500000298023224,0.08075843006372452,0.22378277778625488,0.04751872643828392,0.8700000047683716,0.20251716673374176
Beaufort,2156776424,832.7360329078886,44652,53.62083329584838,Rural - Non-Metro,58625,0.03629295155405998,0.27933502197265625,0.1988135129213333,0.741294801235199,0.6952798366546631,0.43489131331443787,0.1102917268872261,0.2865199148654938,0.2155948430299759,0.07500000298023224,0.14933304488658905,0.11419586092233658,0.04901854321360588,0.8999999761581421,0.269311785697937
Bertie,1810858588,699.1764097326301,17934,25.65017891101058,Rural - Non-Metro,47587,0.01974373869597912,0.24040921032428741,0.20397591590881348,0.5325493216514587,0.7271454334259033,0.43813812732696533,0.14330443739891052,0.33911368250846863,0.11946050077676773,0.07500000298023224,0.10452793538570404,0.175096333026886,0.04359344765543938,0.8899999856948853,0.28758949041366577
Bladen,2266321541,875.0316390448604,29606,33.83420516350287,Rural - Non-Metro,49547,0.037982817739248276,0.36710548400878906,0.2006935030221939,0.65079498291015625,0.6920669674873352,0.3911049962043762,0.09517283737659454,0.3953098952770233,0.1551697850227356,0.07500000298023224,0.1221257820725441,0.11847114562988281,0.03867824003100395,0.8299999833106995,0.31407222151756287
Brunswick,2201703879,850.0826202634576,136693,160.7996643404333,Rural - Metro,81361,0.03593152016401291,0.130595400929451,0.12736532092094421,0.8274549841880798,0.8459001183509827,0.49396270513534546,0.07824896275997162,0.28817665576934814,0.13241592049598694,0.07500000298023224,0.1381029337644577,0.21747525036334991,0.07059608399868011,0.8799999952316284,0.24510079622268677
Buncombe,1700318978,656.496827701653,269452,410.43915009205995,Suburban,78993,0.06746610254049301,0.14650346338748932,0.13292425870895386,0.758980929851532,0.6618329882621765,0.5052628517150879,0.07852886617183685,0.21447457373142242,0.09377425163984299,0.07500000298023224,0.07831840217113495,0.31524670124053955,0.1446535885334015,0.9200000166893005,0.18928053975105286
Burke,1311146879,506.2366402137653,87570,172.98234273011605,Rural - Metro,61006,0.05321487411856651,0.2686708867549896,0.18468022346496582,0.677491307258606,0.7451660633087158,0.43404048681259155,0.12995605170726776,0.29355889558792114,0.15159964561462402,0.07500000298023224,0.13080666959285736,0.1537734568119049,0.0653088241815567,0.8899999856948853,0.18307560682296753
Cabarrus,935587407,361.2323173946926,225804,625.0935731015456,Suburban,87867,0.10834995657205582,0.1304081678390503,0.16502860188484192,0.793319582939148,0.7117014527320862,0.6248286962509155,0.06672041863203049,0.2122710943222046,0.11157800257205963,0.07500000298023224,0.09594839811325073,0.27933263778686523,0.15914905071258545,0.9100000262260437,0.18983042240142822
Caldwell,1222184251,471.88797750890063,80652,170.9134452328334,Rural - Metro,59968,0.030334260314702988,0.19582077860832214,0.20605121552944183,0.6652085185050964,0.7354111671447754,0.453571617603302,0.10903705656528473,0.3421449661254883,0.15737998485565186,0.07500000298023224,0.10886938869953156,0.15313251316547394,0.05443469434976578,0.8399999737739563,0.23202462494373322
Camden,622452109,240.3301029053759,10355,43.08657082411781,Rural - Metro,89509,0.015649309381842613,0.05973181501030922,0.15083520114421844,0.7289952635765076,0.8209922909736633,0.5437753796577454,0.038049500435590744,0.21832287311553955,0.14961211383342743,0.07500000298023224,0.16660510003566742,0.22497229278087616,0.12744735181331635,0.9300000071525574,0.20325203239917755
Carteret,1314689449,507.6044341377305,67686,133.34398883843176,Rural - Non-Metro,76739,0.02924162708222866,0.11512415111064911,0.11145510524511337,0.8133971095085144,0.7469431161880493,0.5393858551979065,0.04305000603199005,0.22923268377780914,0.18893787264823914,0.07500000298023224,0.11268769949674606,0.24108004570007324,0.11000137776136398,0.8799999952316284,0.1875782608985901
Caswell,1101694783,425.3667338264345,22736,53.45034811602625,Rural - Non-Metro,60453,0.03244956210255623,0.26478421688079834,0.17259342968463898,0.598527729511261,0.751642107963562,0.38761216402053833,0.16912350058555603,0.27330678701400757,0.18027888238430023,0.07500000298023224,0.11334661394357681,0.15139442682266235,0.03745019808411598,0.8899999856948853,0.2987494170665741
Catawba,1039553245,401.3737518663744,160610,400.15073046797136,Suburban,70879,0.06933295726776123,0.17261525988578796,0.17689159512519836,0.7475802898406982,0.7216694355010986,0.5050662159919739,0.09739826619625092,0.2515009939670563,0.16262122988700867,0.07500000298023224,0.13860522210597992,0.2088315337896347,0.06604403257369995,0.9100000262260437,0.19602718949317932
Chatham,1765540358,681.678943306037,76285,111.90752002699335,Rural - Metro,100222,0.10427817702293396,0.17480365931987762,0.12022785097360611,0.7177311778068542,0.8056902289390564,0.6188056468963623,0.1260058432817459,0.17249806225299835,0.049293674528598785,0.07500000298023224,0.1273767650127411,0.25356143712997437,0.19628062844276428,0.8999999761581421,0.2143404483795166
Cherokee,1179845613,455.5409379852327,28774,63.16446580467982,Rural - Non-Metro,55351,0.019112374633550644,0.14040297269821167,0.13133449852466583,0.6277471780776978,0.8370213508605957,0.39789196848869324,0.05704760178923607,0.365252822637558,0.14576773345470428,0.07500000298023224,0.14539729058742523,0.15965919196605682,0.05186145752668381,0.9399999976158142,0.38789087533950806
Chowan,447179939,172.65713972717813,13708,79.39434199860204,Rural - Non-Metro,57780,0.023055795580148697,0.41953805088996887,0.20378220081329346,0.6664493083953857,0.7052494287490845,0.41256648302078247,0.15453341603279114,0.40569159388542175,0.05857048183679581,0.07500000298023224,0.07213765382766724,0.16082064807415009,0.07313037663698196,0.8700000047683716,0.2821839153766632
Clay,556804503,214.98342052234364,11089,51.58072177406582,Rural - Non-Metro,64569,0.033936262130737305,0.08968058973550797,0.09092698246240616,0.6297972798347473,0.8118480443954468,0.5138670802116394,0.015175300650298595,0.1915227621793747,0.21454735100269318,0.07500000298023224,0.2522239685058594,0.20774464309215546,0.04395604506134987,0.8700000047683716,0.2990797460079193
Cleveland,1202400603,464.24946831126573,99519,214.36535051296045,Rural - Non-Metro,61392,0.031329523772001266,0.24990999698638916,0.2082882821559906,0.6752895712852478,0.7088803052902222,0.44952815771102905,0.09444142132997513,0.3096741735935211,0.1317913830280304,0.07500000298023224,0.13534651696681976,0.15617549419403076,0.09757831692695618,0.8600000143051147,0.23246356844902039
Columbus,2429722353,938.1210452738334,50623,53.96211955273146,Rural - Non-Metro,50741,0.03322696313261986,0.23612472414970398,0.21214085817337036,0.6296887397766113,0.7108938694000244,0.37482938170433044,0.12346401065587997,0.33703920245170593,0.21315723657608032,0.07500000298023224,0.1186993196606636,0.08751985430717468,0.04513917863368988,0.8700000047683716,0.2895951569080353
Craven,1830014545,706.5725660802358,100720,142.54728365516897,Rural - Metro,65661,0.04114528372883797,0.17614559829235077,0.1693219244480133,0.7300739288330078,0.6844487190246582,0.49332502484321594,0.07087752968072891,0.28013500571250916,0.17904211580753326,0.07500000298023224,0.12857602536678314,0.1799260675907135,0.08642719686031342,0.8100000023841858,0.18711018562316895
Cumberland,1690112815,652.5562061364058,334728,512.948918196375,Suburban,60831,0.06760696321725845,0.2229904681444168,0.21412937343120575,0.8005517721176147,0.5497002005577087,0.43259814381599426,0.0530584491789341,0.23342874646186829,0.22837363183498383,0.07500000298023224,0.11518159508705139,0.2029559314250946,0.09199707955121994,0.8600000143051147,0.337649941444397
Currituck,678341928,261.90928266462197,28100,107.28905716557742,Rural - Metro,94709,0.03359367325901985,0.09268292784690857,0.12123258411884308,0.7978049516677856,0.872688889503479,0.644421398639679,0.038377050310373306,0.28026875853538513,0.13283370435237885,0.07500000298023224,0.09445665031671524,0.281044065952301,0.09807468950748444,0.9399999976158142,0.255219429731369
Dare,992558307,383.22890486165204,36915,96.32624139697015,Rural - Non-Metro,87321,0.04712871462106705,0.08572272956371307,0.1352459043264389,0.8455096483230591,0.7841529846191406,0.5141242742538452,0.06503759324550629,0.2274436056613922,0.14761905372142792,0.07500000298023224,0.10050125420093536,0.28684210777282715,0.0974937379360199,0.9300000071525574,0.32317933440208435
Davidson,1432724907,553.178179261989,168930,305.38080917322947,Suburban,65644,0.055945511907339096,0.1904245764017105,0.16785499453544617,0.7603585124015808,0.7436932921409607,0.47594350576400757,0.10662093013525009,0.2987753450870514,0.16920699179172516,0.07500000298023224,0.12493055313825607,0.16485905647277832,0.060605328530073166,0.8700000047683716,0.15746550261974335
Davie,682977540,263.69910246421944,42712,161.97248910164745,Rural - Metro,77417,0.04859253764152527,0.14271675050258636,0.14186450839042664,0.7905616760253906,0.8224667310714722,0.5528524518013,0.06863158196210861,0.2701052725315094,0.17178946733474731,0.07500000298023224,0.1302105337381363,0.20536841452121735,0.07884210348129272,0.9100000262260437,0.1850234568119049
Duplin,2110115795,814.7202633297031,48715,59.79352937768517,Rural - Non-Metro,56729,0.12240802496671677,0.3097482919692993,0.19098475575447083,0.591860294342041,0.7033722996711731,0.3238344192504883,0.17376014590263367,0.2412082999944687,0.17475202679634094,0.07500000298023224,0.13588818907737732,0.15716862678527832,0.042200181633234024,0.8299999833106995,0.18940450251102448
Durham,742095312,286.52460184460074,324833,1133.7002055278178,Urban,84375,0.15429377555847168,0.16419023275375366,0.1623086780309677,0.8325378894805908,0.5549923777580261,0.6193889379501343,0.07395320385694504,0.1298595666885376,0.037905752658843994,0.07500000298023224,0.05365050956606865,0.3445263206958771,0.28510674834251404,0.800000011920929,0.3615860342979431
Edgecombe,1309074148,505.4363543004837,48900,96.74808625049708,Rural - Metro,49283,0.033096686005592346,0.37044888734817505,0.2829737365245819,0.6293507218360901,0.6080806255340576,0.3747459650039673,0.12250787019729614,0.3463623523712158,0.17882126569747925,0.07500000298023224,0.09076600521802902,0.14419376850128174,0.042322490364313126,0.8199999928474426,0.3895305097103119
Forsyth,1056328480,407.85070631077144,382590,938.0638407144907,Urban,67638,0.09697751700878143,0.21231603622436523,0.18284821510314941,0.7708550691604614,0.6355791687965393,0.5101871490478516,0.08880048245191574,0.2169906347990036,0.11413032561540604,0.07500000298023224,0.0879947617650032,0.2541847229003906,0.1628965586423874,0.8600000143051147,0.3360711634159088
Franklin,1273761673,491.8021314777387,68573,139.43209191459948,Rural - Metro,72026,0.06007850915193558,0.14405035972595215,0.1721055805683136,0.6889480948448181,0.7858670353889465,0.5137046575546265,0.11385229974985123,0.2577736973762512,0.15946879982948303,0.07500000298023224,0.09954653680324554,0.2158820927143097,0.07849276810884476,0.8899999856948853,0.23609954118728638
Gaston,921392674,355.75170034274794,227943,640.7362207415705,Suburban,70318,0.06365350633859634,0.18358179926872253,0.20653800666332245,0.7575339674949646,0.6684833765029907,0.5207945704460144,0.09076271951198578,0.2709839344024658,0.13971050083637238,0.07500000298023224,0.11634759604930878,0.21239151060581207,0.09480413049459457,0.8899999856948853,0.23292087018489838
Gates,882181709,340.6122621157516,10478,30.762251290997916,Rural - Metro,68522,0.014167308807373047,0.09463722258806229,0.12953244149684906,0.6443225145339966,0.8086832165718079,0.44757506251335144,0.05635103955864906,0.4531177878379822,0.1953810602426529,0.07500000298023224,0.10254041850566864,0.0618937648832798,0.05588914453983307,0.8399999737739563,0.27144867181777954
Graham,756189029,291.9662164008931,8030,27.50318204272704,Rural - Non-Metro,55006,0.018954411149024963,0.036269430071115494,0.11293984204530716,0.5357547998428345,0.8070374727249146,0.3731343150138855,0.09324253350496292,0.43949711322784424,0.13357779383659363,0.07500000298023224,0.07490833103656769,0.13357779383659363,0.05028810724616051,0.8899999856948853,0.3003629744052887
Granville,1377850210,531.9909402981776,60992,114.6485689508441,Rural - Metro,70353,0.05734513700008392,0.18935483694076538,0.20592685043811798,0.691332221031189,0.7708908319473267,0.5409327745437622,0.11565257608890533,0.2534005641937256,0.1632937490940094,0.07500000298023224,0.09342445433139801,0.20429964363574982,0.09495056420564651,0.8600000143051147,0.4099472463130951
Greene,690838977,266.73442025955865,20451,76.67176954552464,Rural - Non-Metro,57307,0.06594747304916382,0.34191176295280457,0.21759259700775146,0.48119214177131653,0.6650752425193787,0.3206172287464142,0.19669365882873535,0.3593117296695709,0.14473684132099152,0.07500000298023224,0.10020242631435394,0.09682860970497131,0.02715924382209778,0.9200000166893005,0.19348055124282837
Guilford,1672930669,645.9221424765537,541299,838.025149477901,Urban,70304,0.11831039935350418,0.2040306031703949,0.1926378309726715,0.7748295664787292,0.5994729399681091,0.5020439624786377,0.08138704299926758,0.1967354565858841,0.1442863494157791,0.07500000298023224,0.09165327996015549,0.26651903986930847,0.14442078769207,0.9200000166893005,0.2925291359424591
Halifax,1874472930,723.7380444962738,48622,67.18176606819283,Rural - Non-Metro,47318,0.02726796083152294,0.3143264353275299,0.2437325268983841,0.6135995388031006,0.6294460892677307,0.2998010814189911,0.12646497786045074,0.3445988893508911,0.17034614086151123,0.07500000298023224,0.09130553156137466,0.14636141061782837,0.04587989300489426,0.8700000047683716,0.35820087790489197
Harnett,1540870386,594.9333821459127,133568,224.5091702842811,Rural - Metro,72961,0.06531800329685211,0.17759117484092712,0.171030193567276,0.695074737071991,0.7102818489074707,0.5009616613388062,0.08420898020267487,0.24131274223327637,0.17413616180419922,0.07500000298023224,0.14256390929222107,0.19493182003498077,0.08785005658864975,0.8899999856948853,0.269430547952652
Haywood,1433713844,553.5600099724011,62089,112.1630877980069,Rural - Metro,65113,0.027576521039009094,0.1923728883266449,0.13907016813755035,0.6383880972862244,0.7489584684371948,0.493979275226593,0.1032775416970253,0.24951185286045074,0.17245467007160187,0.07500000298023224,0.11987447738647461,0.1857740581035614,0.09407252073287964,0.9100000262260437,0.19906990230083466
Henderson,965934305,372.9493202190801,116281,311.78767112832793,Suburban,72820,0.08291415125131607,0.18161331117153168,0.1428319662809372,0.7449233531951904,0.7502105236053467,0.4693656861782074,0.09890490025281906,0.23550432920455933,0.14463016390800476,0.07500000298023224,0.09586935490369797,0.24441882967948914,0.10566762834787369,0.9399999976158142,0.14575830101966858
Hertford,914689325,353.1635228240488,21552,61.02555503937908,Rural - Non-Metro,48051,0.04028531163930893,0.3637324869632721,0.20096559822559357,0.5992758274078369,0.6736270189285278,0.35972583293914795,0.16413238644599915,0.3094812035560608,0.1627907007932663,0.07500000298023224,0.11068873107433319,0.1258944571018219,0.05210196599364281,0.8700000047683716,0.3825417160987854
Hoke,1010491623,390.1529968799741,52082,133.49122117860446,Rural - Metro,68243,0.06469769030809402,0.22208324074745178,0.22110292315483093,0.7694464921951294,0.7297227382659912,0.4108465909957886,0.09586161375045776,0.25214728713035583,0.18853984773159027,0.07500000298023224,0.1415099948644638,0.16517508029937744,0.0817466527223587,0.8100000023841858,0.28545019030570984
Hyde,1585966933,612.3452562876823,4589,7.494138237994399,Rural - Non-Metro,53386,0.039198607206344604,0.3740920126438141,0.24084579944610596,0.4533264636993408,0.7194430232048035,0.3205128312110901,0.13369964063167572,0.3232600688934326,0.16941392421722412,0.07500000298023224,0.1446886509656906,0.1071428582072258,0.04670329764485359,0.8500000238418579,0.22912205755710602
Iredell,1487711608,574.4086632119713,186693,325.0177303316638,Suburban,85180,0.07151070237159729,0.12885472178459167,0.16559258103370667,0.7875537276268005,0.7185371518135071,0.5603534579277039,0.08240421861410141,0.24125277996063232,0.13113723695278168,0.07500000298023224,0.10437867790460587,0.2606527507305145,0.10516926646232605,0.9200000166893005,0.19423918426036835
Jackson,1271961081,491.1069190197943,43109,87.77925606513898,Rural - Non-Metro,62044,0.04523542895913124,0.2206200361251831,0.14861638844013214,0.5106890797615051,0.6077591180801392,0.3316636383533478,0.11065138876438141,0.32484617829322815,0.15372374653816223,0.07500000298023224,0.09590494632720947,0.16454488039016724,0.07532357424497604,0.8799999952316284,0.27296212315559387
Johnston,2051313884,792.016718563237,215999,272.7202531681836,Suburban,88688,0.08298792690038681,0.1534528136253357,0.15286654233932495,0.7431622743606567,0.7605004906654358,0.5837036371231079,0.08392637223005295,0.25001999735832214,0.13247829675674438,0.07500000298023224,0.133613720536232,0.24538229405879974,0.0795765295624733,0.9200000166893005,0.2181166559457779
Jones,1220836958,471.367784773344,9172,19.458266551691334,Rural - Metro,56456,0.029886046424508095,0.24186046421527863,0.1990303099155426,0.630060613155365,0.7944242358207703,0.40378090739250183,0.09430349618196487,0.3054092824459076,0.20631881058216095,0.07500000298023224,0.06845380365848541,0.19339397549629211,0.05696505680680275,0.8600000143051147,0.24852652847766876
Lee,660607451,255.06196281341232,63285,248.11618048393763,Rural - Non-Metro,71876,0.09917041659355164,0.2609749734401703,0.21904951333999634,0.6938556432723999,0.673175573348999,0.43772849440574646,0.14090444147586823,0.2330944836139679,0.21424700319766998,0.07500000298023224,0.1254892498254776,0.14192810654640198,0.06930812448263168,0.8500000238418579,0.21425610780715942
Lenoir,1033630013,399.08677920533006,55122,138.12033590729334,Rural - Non-Metro,52084,0.043700721114873886,0.3027062714099884,0.25840434432029724,0.5546229481697083,0.5920945405960083,0.33507680892944336,0.1498347669839859,0.3369065821170807,0.1509631723165512,0.07500000298023224,0.1267026662826538,0.09631659835577011,0.06423792988061905,0.8799999952316284,0.26528704166412354
Lincoln,766239897,295.8468782314217,86810,293.42881871511315,Suburban,83859,0.054737046360969543,0.150551900267601,0.1563119739294052,0.793431282043457,0.7892206311225891,0.5618674755096436,0.08071998506784439,0.2652161717414856,0.11945629864931107,0.07500000298023224,0.14330117404460907,0.2189645618200302,0.09732788801193237,0.9100000262260437,0.17258797585964203
Macon,1335344502,515.5793946868737,37014,71.7910769542675,Rural - Non-Metro,58888,0.058854538947343826,0.12760376930236816,0.11501684039831161,0.5945343971252441,0.7761056423187256,0.4428875148296356,0.14827758073806763,0.233774334192276,0.12181727588176727,0.07500000298023224,0.16799800097942352,0.18846729397773743,0.06465302407741547,0.8899999856948853,0.19061197340488434
Madison,1164498325,449.6153169598914,21193,47.13584969324022,Rural - Metro,61754,0.013490648008883,0.11594992130994797,0.1265883445739746,0.6795732378959656,0.7745144963264465,0.6261410117149353,0.08098659664392471,0.3301611840724945,0.1260438859462738,0.07500000298023224,0.08098659664392471,0.22004272043704987,0.08681297302246094,0.9100000262260437,0.2691764831542969
Martin,1182102539,456.4123419856163,22031,48.2699479688792,Rural - Non-Metro,52295,0.01686379685997963,0.292385071516037,0.2103767693042755,0.564933717250824,0.6678593754768372,0.3296540081501007,0.1169603019952774,0.3088516294956207,0.1831882894039154,0.07500000298023224,0.15283378958702087,0.13075779378414154,0.032477181404829025,0.800000011920929,0.31461086869239807
McDowell,1139476689,439.9544092887747,44578,101.32413508950687,Rural - Non-Metro,57124,0.03181828185915947,0.19299882650375366,0.1761455088853836,0.5868655443191528,0.7558751106262207,0.4680316746234894,0.10988207161426544,0.3409818112850189,0.1234116479754448,0.07500000298023224,0.14635707437992096,0.1624462902545929,0.041959960013628006,0.8399999737739563,0.2652510404586792
Mecklenburg,1356130079,523.6047508341651,1115482,2130.389379055296,Urban,90698,0.1734790802001953,0.14773012697696686,0.16865262389183044,0.8357158303260803,0.5512371063232422,0.6382126808166504,0.0896393284201622,0.13933852314949036,0.08234845101833344,0.07500000298023224,0.07362592220306396,0.35599711537361145,0.18404991924762726,0.8399999737739563,0.26889199018478394
Mitchell,573036225,221.2505234242176,14903,67.35803273751148,Rural - Non-Metro,58182,0.023745998740196228,0.12314143776893616,0.13526643812656403,0.6523455381393433,0.76256263256073,0.4196843206882477,0.038997214287519455,0.315691739320755,0.20922315120697021,0.07500000298023224,0.07397090643644333,0.16620241105556488,0.12101516872644424,0.8600000143051147,0.16085489094257355
Montgomery,1273075626,491.5372472501428,25751,52.38870532001686,Rural - Non-Metro,57356,0.07932479679584503,0.20285442471504211,0.2023865431547165,0.5980456471443176,0.7498825788497925,0.3479556441307068,0.1817895472049713,0.3317580223083496,0.12003780901432037,0.07500000298023224,0.12586641311645508,0.11972274631261826,0.04584120959043503,0.9399999976158142,0.24818941950798035
Moore,1806983006,697.6800391566277,99727,142.9408817837936,Rural - Non-Metro,85211,0.050697967410087585,0.12755607068538666,0.1252811700105667,0.7785881161689758,0.7638879418373108,0.6181980967521667,0.05747884884476662,0.19052238762378693,0.11367693543434143,0.07500000298023224,0.13362570106983185,0.26007142663002014,0.16964216530323029,0.8999999761581421,0.19353163242340088
Nash,1399742831,540.4437285235259,94970,175.72597291387734,Rural - Metro,66531,0.03985823690891266,0.1657911241054535,0.23563677072525024,0.6150475740432739,0.6355646252632141,0.4234182834625244,0.13700121641159058,0.3309810161590576,0.10511413216590881,0.07500000298023224,0.13181738555431366,0.14867572486400604,0.07139745354652405,0.8600000143051147,0.2598591148853302
New Hanover,497937486,192.2547381887402,225702,1173.9736670543016,Urban,77098,0.05937618389725685,0.1485845148563385,0.1258106380701065,0.8213931322097778,0.6140134930610657,0.6014230251312256,0.06333349645137787,0.15748058259487152,0.11034905165433884,0.07500000298023224,0.11845004558563232,0.3338634669780731,0.14152710139751434,0.8899999856948853,0.23881711065769196
Northampton,1390032558,536.6945711577032,17471,32.55296576284222,Rural - Non-Metro,51986,0.013052979484200478,0.34885290265083313,0.21764032542705536,0.5724831223487854,0.7458317279815674,0.3554961681365967,0.06819630414247513,0.3180369734764099,0.17558954656124115,0.07500000298023224,0.13193117082118988,0.13543657958507538,0.09592096507549286,0.7799999713897705,0.48171207308769226
Onslow,1973765096,762.0749641202021,204576,268.4460317315085,Suburban,71800,0.042442258447408676,0.15057064592838287,0.15632763504981995,0.8017538189888,0.6373613476753235,0.46689075231552124,0.03656043857336044,0.27696794271469116,0.215676411986351,0.07500000298023224,0.12159445136785507,0.18808016180992126,0.08612311631441116,0.8899999856948853,0.22781148552894592
Orange,1029673918,397.5593223862329,148696,374.0221688363286,Suburban,83872,0.12905704975128174,0.095758356153965,0.10697220265865326,0.8226954340934753,0.638380229473114,0.5960608720779419,0.070712611079216,0.08142927289009094,0.05664519593119621,0.07500000298023224,0.06279788911342621,0.3327941298484802,0.3206331729888916,0.8899999856948853,0.21611936390399933
Pamlico,871570771,336.51535604926005,12276,36.47976170871384,Rural - Metro,63059,0.029136400669813156,0.17495611310005188,0.14406158030033112,0.723607063293457,0.828812301158905,0.4474988877773285,0.07750099152326584,0.3056544065475464,0.24396994709968567,0.07500000298023224,0.0881771445274353,0.11150652170181274,0.09806247800588608,0.8199999928474426,0.37368419766426086
Pasquotank,587622471,226.88230449057932,40568,178.80636434422536,Rural - Non-Metro,64384,0.026032228022813797,0.09882807731628418,0.2015204280614853,0.7874564528465271,0.6748812198638916,0.42824164032936096,0.08655446767807007,0.24061401188373566,0.14915849268436432,0.07500000298023224,0.13371555507183075,0.2330312579870224,0.08193083107471466,0.8199999928474426,0.27957430481910706
Pender,2256645359,871.2956442877262,60203,69.09594968676245,Rural - Metro,79480,0.04227307438850403,0.11057526618242264,0.13154877722263336,0.7040449380874634,0.8270135521888733,0.5799340009689331,0.09405668824911118,0.21554404497146606,0.1258762627840042,0.07500000298023224,0.12861932814121246,0.2673574984073639,0.09356903284788132,0.9200000166893005,0.24563901126384735
Perquimans,640173980,247.17255555277436,13005,52.61506468999255,Rural - Non-Metro,71446,0.02151917852461338,0.10127101093530655,0.15033844113349915,0.6241539120674133,0.765407919883728,0.5462590456008911,0.06798069179058075,0.3012872040271759,0.2027353197336197,0.07500000298023224,0.15647627413272858,0.1150442510843277,0.0816572830080986,0.949999988079071,0.23119165003299713
Person,1016154887,392.3395953350535,39097,99.65091585164024,Rural - Metro,60520,0.031308483332395554,0.2855384647846222,0.1957293152809143,0.6905310153961182,0.7728319764137268,0.5390670895576477,0.07435987144708633,0.3174324929714203,0.2119724005460739,0.07500000298023224,0.14193850755691528,0.11843797564506531,0.0609143003821373,0.9100000262260437,0.2496688812971115
Pitt,1689621009,652.3663187781971,170243,260.9622770207458,Suburban,59430,0.05784652754664421,0.2114812731742859,0.2180376499891281,0.6839118003845215,0.5144566893577576,0.4936434030532837,0.06159527599811554,0.20799234509468079,0.1296190768480301,0.07500000298023224,0.1478332281112671,0.21647252142429352,0.1614881306886673,0.8600000143051147,0.21702638268470764
Polk,615606322,237.6869297674112,19328,81.31705020092369,Rural - Non-Metro,74525,0.04489467665553093,0.1990756094455719,0.10294117778539658,0.6447192430496216,0.7689393758773804,0.4946087896823883,0.07722007483243942,0.3113623857498169,0.14009928703308105,0.07500000298023224,0.1268615573644638,0.14671814441680908,0.12272476404905319,0.8500000238418579,0.23540669679641724
Randolph,2026242785,782.3367131210498,144171,184.2825443086328,Rural - Metro,63374,0.06641703099012375,0.1909462958574295,0.16534709930419922,0.71528559923172,0.7253512740135193,0.4077802002429962,0.1412484496831894,0.32403549551963806,0.13484244048595428,0.07500000298023224,0.12682773172855377,0.1405302882194519,0.057510558515787125,0.9100000262260437,0.23025067150592804
Richmond,1226849523,473.68924909852194,42946,90.66281339872192,Rural - Non-Metro,50515,0.040619686245918274,0.39053916931152344,0.24967695772647858,0.6722659468650818,0.65946197509765625,0.271718293428421,0.16516517102718353,0.2939068078994751,0.20246052742004395,0.07500000298023224,0.10820497572422028,0.11198294907808304,0.04330136626958847,0.8399999737739563,0.2803446650505066
Robeson,2453481924,947.294666924166,116530,123.01346568155925,Rural - Non-Metro,46927,0.05514020472764969,0.36579158902168274,0.2878008186817169,0.5899986028671265,0.6583901047706604,0.3135773539543152,0.18182796239852905,0.34397074580192566,0.14109505712985992,0.07500000298023224,0.10778442770242691,0.09874860942363739,0.05156154930591583,0.8600000143051147,0.42175528407096863
Rockingham,1465005024,565.6416021153086,91096,161.04897457918887,Rural - Metro,56141,0.03303990885615349,0.23695874214172363,0.18179063498973846,0.7013583779335022,0.7207241058349609,0.44938746094703674,0.11623360961675644,0.3105601966381073,0.1690583974123001,0.07500000298023224,0.13439808785915375,0.139690101146698,0.05506555363535881,0.8500000238418579,0.3656657636165619
Rowan,1325058763,511.60804865625425,146875,287.085006550951,Suburban,65555,0.06257214397192001,0.23287002742290497,0.19249902665615082,0.7543931007385254,0.7231531739234924,0.4666996896266937,0.11506789922714233,0.29350143671035767,0.16134345531463623,0.07500000298023224,0.10032667964696884,0.18156537413597107,0.07319311797618866,0.8799999952316284,0.3426969349384308
Rutherford,1464476090,565.4373795561556,64444,113.97194867199231,Rural - Non-Metro,57208,0.031464654952287674,0.20248320698738098,0.17949102818965912,0.5614818930625916,0.7388334274291992,0.3926444947719574,0.11152314394712448,0.3016069233417511,0.1928306519985199,0.07500000298023224,0.12189259380102158,0.13020189106464386,0.0669550895690918,0.949999988079071,0.38112354278564453
Sampson,2449946536,945.9296459859038,59036,62.41056113477572,Rural - Non-Metro,55628,0.10647385567426682,0.34011298418045044,0.20164760947227478,0.637432336807251,0.73809415102005,0.37817561626434326,0.14235080778598785,0.28687161207199097,0.15558770298957825,0.07500000298023224,0.15110307931900024,0.14618444442749023,0.04289330914616585,0.8399999737739563,0.24780410528182983
Scotland,826569986,319.14045582240146,34174,107.0813786736505,Rural - Non-Metro,55335,0.03483179584145546,0.38994282484054565,0.27472177147865295,0.6629570722579956,0.6178855299949646,0.3186468482017517,0.16795675456523895,0.3694556951522827,0.14068067073822021,0.07500000298023224,0.11500184237957001,0.084531269967556,0.047425974160432816,0.9100000262260437,0.3066498041152954
Stanly,1023250040,395.0790492238978,62504,158.20631370553377,Rural - Non-Metro,64791,0.04381989315152168,0.22877444326877594,0.1765451729297638,0.7202456593513489,0.7445324659347534,0.48906049132347107,0.10175769031047821,0.27658507227897644,0.16936597228050232,0.07500000298023224,0.15404896438121796,0.17551788687705994,0.04770872741937637,0.8700000047683716,0.196994811296463
Stokes,1163797562,449.3447508529296,44520,99.077601141426,Rural - Metro,67343,0.014732271432876587,0.1554020792245865,0.13337767124176025,0.7020362019538879,0.7918756008148193,0.5178362131118774,0.0494232177734375,0.3637422025203705,0.1907080113887787,0.07500000298023224,0.1261509209871292,0.1458355337381363,0.049105726182460785,0.8700000047683716,0.19148936867713928
Surry,1379543658,532.6447842264419,71359,133.97108563380456,Rural - Non-Metro,55191,0.0610150508582592,0.19583362340927124,0.17459572851657867,0.7116073369979858,0.7342060208320618,0.4115088880062103,0.12215784937143326,0.2669282853603363,0.16476671397686005,0.07500000298023224,0.13455428183078766,0.162088081240654,0.07450320571660995,0.9399999976158142,0.17742857336997986
Swain,1366810476,527.7284751704902,14117,26.7504989103332,Rural - Non-Metro,53257,0.02790266089141369,0.28764620423316956,0.23266255855560303,0.4711458384990692,0.7265923619270325,0.4232963025569916,0.07664883881807327,0.3879976272583008,0.1651812195777893,0.07500000298023224,0.0745692253112793,0.13903743028640747,0.08169934898614883,0.9200000166893005,0.363539457321167
Transylvania,979943597,378.3583381006332,32986,87.18190318096441,Rural - Non-Metro,71679,0.04259297624230385,0.1953597217798233,0.12883982062339783,0.714961588382721,0.746640145778656,0.4046942889690399,0.08212058246135712,0.3027918040752411,0.13038313388824463,0.07500000298023224,0.10365310311317444,0.23106622695922852,0.0749925747513771,0.8799999952316284,0.2003067433834076
Tyrrell,1012106669,390.7765696268004,3245,8.303977905070003,Rural - Non-Metro,49846,0.05667543038725853,0.37613019347190857,0.2404654175043106,0.5449256896972656,0.7782805562019348,0.36408567428588867,0.3011627793312073,0.32093024253845215,0.12790697813034058,0.07500000298023224,0.024418605491518974,0.08953488618135452,0.060465116053819656,0.8999999761581421,0.34285715222358704
Union,1638778990,632.7361054950944,238267,376.56615124493993,Suburban,107681,0.12166577577590942,0.10608485341072083,0.13701817393302917,0.8217766284942627,0.8164820671081543,0.6415591239929199,0.07673918455839157,0.2085140496492386,0.1059560775756836,0.07500000298023224,0.09092926979064941,0.2891465425491333,0.15371742844581604,0.9300000071525574,0.14607936143875122
Vance,653701481,252.39555288923702,42578,168.695523802217,Rural - Non-Metro,54441,0.05744057521224022,0.28859657049179077,0.2682851254940033,0.6660680174827576,0.6014739871025085,0.3449054956436157,0.16492736339569092,0.3886842727661133,0.14876201748847961,0.07500000298023224,0.05453243479132652,0.13464292883872986,0.03345610946416855,0.7799999713897705,0.528772234916687
Wake,2161570492,834.587032911128,1129410,1353.256108066403,Urban,107083,0.15252581238746643,0.0955347940325737,0.14082902669906616,0.862032949924469,0.6412104368209839,0.7094603776931763,0.05385836586356163,0.12495288997888565,0.06176981329917908,0.07500000298023224,0.06920445710420609,0.3708529770374298,0.24436120688915253,0.9100000262260437,0.2053690254688263
Warren,1112117461,429.3909523005494,18642,43.41498091685838,Rural - Non-Metro,55287,0.031125299632549286,0.2887473404407501,0.2510126531124115,0.5577512979507446,0.6936295628547668,0.34167125821113586,0.12373225390911102,0.3970588147640228,0.13108518719673157,0.07500000298023224,0.11080121994018555,0.13894523680210114,0.0233265720307827,0.7900000214576721,0.45735475420951843
Washington,897456201,346.509776448356,11003,31.75379382590059,Rural - Non-Metro,51253,0.011283759027719498,0.3159591555595398,0.22407251596450806,0.5200253129005432,0.6802276372909546,0.34253326058387756,0.11034820973873138,0.3192741572856903,0.25846001505851746,0.07500000298023224,0.1348700374364853,0.0627758726477623,0.03923491761088371,0.8999999761581421,0.4070543348789215
Watauga,809210954,312.4380960961246,54086,173.10949169066734,Rural - Non-Metro,58832,0.03457721695303917,0.13381774723529816,0.0956222265958786,0.7813472747802734,0.6206717491149902,0.46081534028053284,0.07833222299814224,0.15246637165546417,0.05619692802429199,0.07500000298023224,0.09855929762125015,0.32611390948295593,0.21333841979503632,0.9300000071525574,0.12116663157939911
Wayne,1434651139,553.921901595139,117333,211.822279751196,Rural - Metro,59786,0.07928226888179779,0.26051944494247437,0.2130633443593979,0.7397646903991699,0.6145409941673279,0.4051479399204254,0.1273534893989563,0.2587510049343109,0.17329621315002441,0.07500000298023224,0.1398501694202423,0.1638491153717041,0.06188676878809929,0.8100000023841858,0.316110759973526
Wilkes,1952020337,753.6792657322277,65969,87.52927538202691,Rural - Non-Metro,56053,0.0373549722135067,0.2518776059150696,0.1835688203573227,0.7925996780395508,0.7351606488227844,0.36058714985847473,0.1444343477487564,0.28810006380081177,0.1334637701511383,0.07500000298023224,0.14939557015895844,0.13954301178455353,0.07008595019578934,0.9300000071525574,0.1698581576347351
Wilson,952013027,367.5742847329133,78784,214.3349066359362,Rural - Non-Metro,62252,0.06094085052609444,0.314250648021698,0.2041550725698471,0.7183984518051147,0.600459635257721,0.44371140003204346,0.12268748879432678,0.31497299671173096,0.14171165227890015,0.07500000298023224,0.11959540843963623,0.14228813350200653,0.0837482288479805,0.8299999833106995,0.22137051820755005
Yadkin,867496112,334.9421214138315,37214,111.10576311786399,Rural - Metro,66012,0.06025443226099014,0.18955107033252716,0.14031581580638885,0.7410886883735657,0.7692717909812927,0.46234235167503357,0.07936318218708038,0.3303806483745575,0.19691166281700134,0.07500000298023224,0.13466602563858032,0.12377304583787918,0.059851568192243576,0.9100000262260437,0.2236918956041336
Yancey,809610024,312.5921778845541,18470,59.08657127953248,Rural - Non-Metro,62198,0.03197318688035011,0.1749851405620575,0.1186961904168129,0.6671586632728577,0.7942189574241638,0.4304402470588684,0.04774999991059303,0.3317500054836273,0.0832500010728836,0.07500000298023224,0.17475000023841858,0.24275000393390656,0.04475000128149986,0.8999999761581421,0.15174013376235962
