anonymous_id,section,stats_exp,prog_exp,learn_best_reading,learn_best_videos,learn_best_hands_on,learn_best_practice_problems,learn_best_groups,learn_best_asking_questions,learn_best_teaching,data_interest_crime,data_interest_econ_business,data_interest_entertainment,data_interest_environment,data_interest_health,data_interest_politics,data_interest_sports,data_interest_other
1,02L,"Yes, I have taken a high school statistics course",None,FALSE,TRUE,TRUE,FALSE,FALSE,TRUE,FALSE,TRUE,FALSE,FALSE,FALSE,TRUE,TRUE,FALSE,TRUE
2,05L,"Yes, I have taken a high school statistics course",A little — I’ve written a few lines or done small exercises,TRUE,FALSE,TRUE,FALSE,TRUE,TRUE,TRUE,FALSE,FALSE,FALSE,FALSE,FALSE,FALSE,FALSE,TRUE
3,02L,"Yes, I have taken a high school statistics course",None,TRUE,FALSE,FALSE,TRUE,TRUE,FALSE,TRUE,TRUE,TRUE,TRUE,FALSE,FALSE,FALSE,FALSE,FALSE
4,08L,"Yes, I have taken a high school statistics course",A little — I’ve written a few lines or done small exercises,FALSE,FALSE,TRUE,TRUE,FALSE,TRUE,TRUE,FALSE,FALSE,FALSE,TRUE,TRUE,TRUE,TRUE,FALSE
5,08L,"Yes, I have taken a high school statistics course",None,TRUE,TRUE,TRUE,TRUE,FALSE,TRUE,TRUE,FALSE,TRUE,TRUE,FALSE,TRUE,TRUE,TRUE,FALSE
6,10L,"Yes, I have taken another college course on statistics",Some — I’ve worked on a few projects or used it occasionally,TRUE,TRUE,TRUE,TRUE,FALSE,FALSE,FALSE,FALSE,TRUE,FALSE,FALSE,FALSE,TRUE,TRUE,TRUE
7,06L,"Yes, I have taken a high school statistics course",A lot — I use programming regularly and feel confident writing code,FALSE,TRUE,TRUE,TRUE,FALSE,TRUE,TRUE,FALSE,TRUE,TRUE,FALSE,FALSE,TRUE,FALSE,TRUE
8,06L,"No, I have not taken any statistics courses",A lot — I use programming regularly and feel confident writing code,FALSE,FALSE,TRUE,TRUE,TRUE,TRUE,TRUE,TRUE,FALSE,TRUE,TRUE,TRUE,TRUE,FALSE,TRUE
9,06L,"Yes, I have taken a high school statistics course",Some — I’ve worked on a few projects or used it occasionally,TRUE,FALSE,FALSE,TRUE,FALSE,FALSE,FALSE,TRUE,TRUE,FALSE,TRUE,TRUE,TRUE,TRUE,TRUE
10,04L,"No, I have not taken any statistics courses",A little — I’ve written a few lines or done small exercises,FALSE,TRUE,TRUE,TRUE,FALSE,FALSE,TRUE,FALSE,FALSE,FALSE,TRUE,TRUE,FALSE,FALSE,FALSE
11,09L,"Yes, I have taken a high school statistics course",None,TRUE,TRUE,FALSE,TRUE,TRUE,TRUE,TRUE,FALSE,TRUE,FALSE,FALSE,TRUE,FALSE,FALSE,TRUE
12,02L,"Yes, I have taken a high school statistics course",A little — I’ve written a few lines or done small exercises,TRUE,FALSE,FALSE,TRUE,FALSE,TRUE,FALSE,TRUE,FALSE,FALSE,FALSE,FALSE,TRUE,TRUE,FALSE
13,01L,"Yes, I have taken a high school statistics course",A little — I’ve written a few lines or done small exercises,FALSE,TRUE,TRUE,TRUE,FALSE,FALSE,FALSE,FALSE,FALSE,TRUE,FALSE,TRUE,FALSE,TRUE,TRUE
14,07L,"Yes, I have taken another college course on statistics",Some — I’ve worked on a few projects or used it occasionally,TRUE,FALSE,TRUE,FALSE,FALSE,FALSE,FALSE,TRUE,TRUE,FALSE,FALSE,TRUE,TRUE,FALSE,TRUE
15,09L,"Yes, I have taken a high school statistics course",Some — I’ve worked on a few projects or used it occasionally,FALSE,TRUE,TRUE,FALSE,TRUE,FALSE,TRUE,TRUE,TRUE,TRUE,TRUE,TRUE,TRUE,TRUE,TRUE
16,07L,"No, I have not taken any statistics courses",None,FALSE,FALSE,TRUE,FALSE,FALSE,FALSE,FALSE,FALSE,FALSE,TRUE,FALSE,FALSE,FALSE,FALSE,FALSE
17,02L,"Yes, I have taken another college course on statistics",Some — I’ve worked on a few projects or used it occasionally,FALSE,TRUE,TRUE,TRUE,FALSE,TRUE,FALSE,FALSE,FALSE,TRUE,FALSE,TRUE,FALSE,TRUE,TRUE
18,05L,"No, I have not taken any statistics courses",None,FALSE,TRUE,FALSE,TRUE,FALSE,TRUE,TRUE,FALSE,TRUE,TRUE,FALSE,TRUE,TRUE,TRUE,FALSE
19,05L,"No, I have not taken any statistics courses",A little — I’ve written a few lines or done small exercises,FALSE,TRUE,TRUE,FALSE,TRUE,FALSE,FALSE,TRUE,FALSE,FALSE,FALSE,TRUE,TRUE,TRUE,FALSE
20,06L,"Yes, I have taken another college course on statistics",Some — I’ve worked on a few projects or used it occasionally,FALSE,TRUE,TRUE,FALSE,TRUE,FALSE,TRUE,FALSE,TRUE,FALSE,FALSE,TRUE,TRUE,FALSE,TRUE
21,08L,"No, I have not taken any statistics courses",A little — I’ve written a few lines or done small exercises,TRUE,FALSE,TRUE,TRUE,FALSE,TRUE,TRUE,TRUE,FALSE,TRUE,FALSE,TRUE,FALSE,TRUE,FALSE
22,10L,"Yes, I have taken a high school statistics course",A little — I’ve written a few lines or done small exercises,TRUE,TRUE,FALSE,TRUE,FALSE,TRUE,TRUE,TRUE,FALSE,FALSE,TRUE,TRUE,FALSE,FALSE,TRUE
23,01L,"Yes, I have taken a high school statistics course",A little — I’ve written a few lines or done small exercises,TRUE,TRUE,TRUE,FALSE,TRUE,FALSE,TRUE,FALSE,TRUE,FALSE,FALSE,TRUE,FALSE,FALSE,FALSE
24,07L,"Yes, I have taken another college course on statistics",Some — I’ve worked on a few projects or used it occasionally,FALSE,TRUE,TRUE,FALSE,FALSE,FALSE,FALSE,FALSE,FALSE,FALSE,FALSE,FALSE,FALSE,FALSE,TRUE
25,07L,"No, I have not taken any statistics courses",Some — I’ve worked on a few projects or used it occasionally,FALSE,FALSE,TRUE,TRUE,TRUE,TRUE,TRUE,FALSE,FALSE,TRUE,FALSE,TRUE,FALSE,FALSE,TRUE
26,02L,"No, I have not taken any statistics courses",Some — I’ve worked on a few projects or used it occasionally,FALSE,FALSE,TRUE,FALSE,TRUE,TRUE,FALSE,FALSE,TRUE,FALSE,FALSE,TRUE,FALSE,FALSE,TRUE
27,10L,"Yes, I have taken a high school statistics course",A little — I’ve written a few lines or done small exercises,FALSE,FALSE,TRUE,FALSE,FALSE,FALSE,FALSE,FALSE,FALSE,FALSE,TRUE,TRUE,FALSE,TRUE,FALSE
28,08L,"Yes, I have taken a high school statistics course",Some — I’ve worked on a few projects or used it occasionally,FALSE,FALSE,TRUE,TRUE,TRUE,TRUE,FALSE,NA,NA,NA,NA,NA,NA,NA,NA
29,09L,"Yes, I have taken a high school statistics course",None,FALSE,FALSE,TRUE,TRUE,TRUE,FALSE,FALSE,TRUE,FALSE,TRUE,FALSE,TRUE,FALSE,TRUE,FALSE
30,08L,"No, I have not taken any statistics courses",A little — I’ve written a few lines or done small exercises,FALSE,TRUE,TRUE,FALSE,TRUE,TRUE,TRUE,FALSE,FALSE,FALSE,TRUE,TRUE,FALSE,FALSE,TRUE
31,09L,"Yes, I have taken a high school statistics course",A little — I’ve written a few lines or done small exercises,FALSE,FALSE,TRUE,TRUE,FALSE,TRUE,TRUE,FALSE,FALSE,FALSE,FALSE,TRUE,FALSE,FALSE,FALSE
32,03L,"Yes, I have taken a high school statistics course",None,FALSE,FALSE,TRUE,FALSE,TRUE,FALSE,TRUE,TRUE,FALSE,TRUE,FALSE,TRUE,FALSE,FALSE,TRUE
33,03L,"No, I have not taken any statistics courses",None,FALSE,FALSE,TRUE,TRUE,FALSE,TRUE,FALSE,FALSE,TRUE,TRUE,FALSE,TRUE,FALSE,TRUE,FALSE
34,01L,"No, I have not taken any statistics courses",Some — I’ve worked on a few projects or used it occasionally,TRUE,TRUE,FALSE,TRUE,FALSE,TRUE,FALSE,TRUE,TRUE,TRUE,FALSE,TRUE,TRUE,TRUE,TRUE
35,09L,"Yes, I have taken a high school statistics course",Some — I’ve worked on a few projects or used it occasionally,FALSE,TRUE,FALSE,TRUE,TRUE,FALSE,TRUE,FALSE,FALSE,TRUE,FALSE,TRUE,FALSE,TRUE,FALSE
36,03L,"Yes, I have taken a high school statistics course",None,FALSE,FALSE,TRUE,TRUE,FALSE,TRUE,TRUE,TRUE,TRUE,TRUE,FALSE,TRUE,TRUE,FALSE,FALSE
37,08L,"Yes, I have taken a high school statistics course",A little — I’ve written a few lines or done small exercises,FALSE,TRUE,FALSE,TRUE,TRUE,FALSE,FALSE,TRUE,TRUE,TRUE,FALSE,FALSE,FALSE,TRUE,FALSE
38,10L,"Yes, I have taken another college course on statistics",A lot — I use programming regularly and feel confident writing code,TRUE,TRUE,TRUE,TRUE,TRUE,TRUE,TRUE,FALSE,TRUE,FALSE,TRUE,FALSE,FALSE,TRUE,TRUE
39,09L,"No, I have not taken any statistics courses",A little — I’ve written a few lines or done small exercises,FALSE,TRUE,TRUE,FALSE,TRUE,FALSE,TRUE,TRUE,FALSE,FALSE,TRUE,TRUE,TRUE,FALSE,FALSE
40,04L,"Yes, I have taken a high school statistics course",Some — I’ve worked on a few projects or used it occasionally,TRUE,TRUE,TRUE,TRUE,FALSE,TRUE,TRUE,TRUE,TRUE,FALSE,FALSE,FALSE,TRUE,FALSE,TRUE
41,09L,"Yes, I have taken another college course on statistics",None,FALSE,TRUE,TRUE,TRUE,FALSE,FALSE,TRUE,FALSE,FALSE,FALSE,TRUE,TRUE,FALSE,TRUE,TRUE
42,01L,"Yes, I have taken a high school statistics course",None,FALSE,TRUE,TRUE,FALSE,TRUE,FALSE,TRUE,TRUE,TRUE,FALSE,TRUE,FALSE,FALSE,TRUE,FALSE
43,03L,"Yes, I have taken another college course on statistics",None,TRUE,TRUE,TRUE,TRUE,FALSE,FALSE,TRUE,FALSE,FALSE,TRUE,FALSE,TRUE,FALSE,TRUE,TRUE
44,10L,"Yes, I have taken a high school statistics course",None,FALSE,TRUE,TRUE,TRUE,FALSE,TRUE,TRUE,TRUE,FALSE,TRUE,FALSE,TRUE,FALSE,FALSE,FALSE
45,09L,"No, I have not taken any statistics courses",None,TRUE,TRUE,TRUE,FALSE,FALSE,FALSE,FALSE,FALSE,FALSE,TRUE,FALSE,TRUE,FALSE,TRUE,TRUE
46,06L,"Yes, I have taken a high school statistics course",A little — I’ve written a few lines or done small exercises,FALSE,TRUE,TRUE,TRUE,FALSE,TRUE,TRUE,TRUE,TRUE,TRUE,FALSE,FALSE,FALSE,FALSE,FALSE
47,10L,"No, I have not taken any statistics courses",Some — I’ve worked on a few projects or used it occasionally,FALSE,TRUE,FALSE,TRUE,FALSE,FALSE,FALSE,TRUE,TRUE,FALSE,FALSE,FALSE,TRUE,TRUE,TRUE
48,02L,"Yes, I have taken a high school statistics course",None,FALSE,TRUE,TRUE,TRUE,FALSE,FALSE,FALSE,FALSE,FALSE,FALSE,FALSE,TRUE,FALSE,FALSE,FALSE
49,07L,"No, I have not taken any statistics courses",A little — I’ve written a few lines or done small exercises,FALSE,TRUE,TRUE,TRUE,TRUE,TRUE,TRUE,FALSE,FALSE,TRUE,FALSE,FALSE,FALSE,FALSE,FALSE
50,05L,"Yes, I have taken another college course on statistics",Some — I’ve worked on a few projects or used it occasionally,TRUE,TRUE,TRUE,TRUE,FALSE,TRUE,FALSE,FALSE,TRUE,FALSE,FALSE,TRUE,FALSE,FALSE,TRUE
51,05L,"Yes, I have taken another college course on statistics",A little — I’ve written a few lines or done small exercises,TRUE,FALSE,TRUE,TRUE,TRUE,TRUE,TRUE,FALSE,FALSE,FALSE,TRUE,FALSE,FALSE,FALSE,TRUE
52,10L,"Yes, I have taken a high school statistics course",None,FALSE,TRUE,TRUE,TRUE,TRUE,TRUE,TRUE,TRUE,TRUE,TRUE,FALSE,FALSE,FALSE,TRUE,TRUE
53,02L,"No, I have not taken any statistics courses",Some — I’ve worked on a few projects or used it occasionally,TRUE,TRUE,TRUE,TRUE,TRUE,TRUE,TRUE,TRUE,TRUE,FALSE,TRUE,TRUE,TRUE,TRUE,TRUE
54,06L,"No, I have not taken any statistics courses",None,FALSE,TRUE,TRUE,FALSE,TRUE,TRUE,TRUE,TRUE,TRUE,FALSE,TRUE,TRUE,FALSE,TRUE,FALSE
55,05L,"No, I have not taken any statistics courses",None,FALSE,TRUE,TRUE,TRUE,TRUE,TRUE,TRUE,FALSE,FALSE,FALSE,TRUE,TRUE,TRUE,FALSE,TRUE
56,07L,"Yes, I have taken another college course on statistics",Some — I’ve worked on a few projects or used it occasionally,TRUE,FALSE,TRUE,TRUE,TRUE,FALSE,FALSE,FALSE,TRUE,TRUE,FALSE,TRUE,FALSE,FALSE,TRUE
57,03L,"Yes, I have taken a high school statistics course",None,TRUE,FALSE,TRUE,FALSE,TRUE,TRUE,TRUE,TRUE,FALSE,TRUE,TRUE,TRUE,TRUE,FALSE,TRUE
58,02L,"No, I have not taken any statistics courses",None,TRUE,FALSE,TRUE,FALSE,TRUE,TRUE,TRUE,FALSE,TRUE,FALSE,FALSE,FALSE,TRUE,FALSE,FALSE
59,01L,"Yes, I have taken a high school statistics course",A little — I’ve written a few lines or done small exercises,FALSE,TRUE,TRUE,TRUE,FALSE,TRUE,FALSE,TRUE,FALSE,TRUE,FALSE,TRUE,FALSE,FALSE,TRUE
60,02L,"Yes, I have taken a high school statistics course",None,FALSE,TRUE,FALSE,FALSE,FALSE,FALSE,FALSE,TRUE,TRUE,TRUE,FALSE,FALSE,TRUE,TRUE,TRUE
61,05L,"Yes, I have taken a high school statistics course",A lot — I use programming regularly and feel confident writing code,FALSE,TRUE,FALSE,TRUE,TRUE,TRUE,FALSE,TRUE,TRUE,FALSE,FALSE,TRUE,FALSE,TRUE,TRUE
62,03L,"No, I have not taken any statistics courses",None,TRUE,TRUE,TRUE,TRUE,FALSE,FALSE,FALSE,TRUE,TRUE,FALSE,FALSE,TRUE,FALSE,TRUE,FALSE
63,08L,"Yes, I have taken a high school statistics course",None,TRUE,TRUE,FALSE,FALSE,TRUE,TRUE,TRUE,TRUE,FALSE,TRUE,FALSE,TRUE,TRUE,FALSE,TRUE
64,01L,"No, I have not taken any statistics courses",None,TRUE,TRUE,TRUE,TRUE,FALSE,FALSE,FALSE,FALSE,FALSE,FALSE,FALSE,TRUE,FALSE,FALSE,FALSE
65,07L,"No, I have not taken any statistics courses",A little — I’ve written a few lines or done small exercises,TRUE,TRUE,TRUE,TRUE,FALSE,TRUE,TRUE,TRUE,TRUE,FALSE,TRUE,TRUE,TRUE,FALSE,TRUE
66,03L,"No, I have not taken any statistics courses",A little — I’ve written a few lines or done small exercises,FALSE,TRUE,TRUE,TRUE,TRUE,FALSE,TRUE,FALSE,FALSE,TRUE,TRUE,TRUE,FALSE,TRUE,FALSE
67,02L,"No, I have not taken any statistics courses",A little — I’ve written a few lines or done small exercises,TRUE,TRUE,FALSE,TRUE,TRUE,FALSE,TRUE,FALSE,FALSE,TRUE,TRUE,TRUE,FALSE,FALSE,TRUE
68,02L,"Yes, I have taken a high school statistics course",None,FALSE,TRUE,FALSE,TRUE,FALSE,FALSE,FALSE,FALSE,FALSE,FALSE,FALSE,FALSE,FALSE,TRUE,TRUE
69,10L,"No, I have not taken any statistics courses",None,FALSE,TRUE,TRUE,FALSE,FALSE,TRUE,FALSE,TRUE,FALSE,TRUE,FALSE,TRUE,FALSE,FALSE,FALSE
70,08L,"Yes, I have taken a high school statistics course",None,FALSE,FALSE,TRUE,TRUE,TRUE,TRUE,FALSE,FALSE,TRUE,TRUE,FALSE,FALSE,TRUE,TRUE,FALSE
71,03L,"Yes, I have taken another college course on statistics",Some — I’ve worked on a few projects or used it occasionally,FALSE,FALSE,TRUE,FALSE,TRUE,FALSE,TRUE,FALSE,TRUE,FALSE,FALSE,TRUE,FALSE,FALSE,TRUE
72,06L,"No, I have not taken any statistics courses",Some — I’ve worked on a few projects or used it occasionally,FALSE,FALSE,TRUE,FALSE,FALSE,FALSE,FALSE,FALSE,TRUE,FALSE,FALSE,FALSE,FALSE,FALSE,TRUE
73,04L,"No, I have not taken any statistics courses",A little — I’ve written a few lines or done small exercises,FALSE,TRUE,TRUE,TRUE,TRUE,TRUE,TRUE,FALSE,TRUE,FALSE,TRUE,TRUE,TRUE,TRUE,TRUE
74,09L,"Yes, I have taken a high school statistics course",None,TRUE,FALSE,TRUE,FALSE,TRUE,TRUE,TRUE,TRUE,TRUE,TRUE,FALSE,TRUE,FALSE,TRUE,FALSE
75,01L,"No, I have not taken any statistics courses",A little — I’ve written a few lines or done small exercises,TRUE,FALSE,FALSE,TRUE,FALSE,TRUE,TRUE,FALSE,FALSE,FALSE,FALSE,TRUE,FALSE,FALSE,TRUE
76,07L,"No, I have not taken any statistics courses",None,FALSE,TRUE,TRUE,FALSE,TRUE,FALSE,FALSE,FALSE,FALSE,FALSE,TRUE,FALSE,TRUE,TRUE,FALSE
77,06L,"Yes, I have taken a high school statistics course",None,FALSE,FALSE,FALSE,TRUE,TRUE,TRUE,TRUE,FALSE,TRUE,FALSE,TRUE,FALSE,TRUE,FALSE,FALSE
78,10L,"No, I have not taken any statistics courses",A little — I’ve written a few lines or done small exercises,FALSE,TRUE,TRUE,TRUE,FALSE,TRUE,FALSE,TRUE,FALSE,TRUE,FALSE,TRUE,FALSE,FALSE,FALSE
79,08L,"No, I have not taken any statistics courses",Some — I’ve worked on a few projects or used it occasionally,FALSE,FALSE,TRUE,FALSE,FALSE,FALSE,TRUE,TRUE,FALSE,TRUE,FALSE,FALSE,TRUE,TRUE,TRUE
80,06L,"Yes, I have taken a high school statistics course",None,FALSE,FALSE,TRUE,FALSE,TRUE,FALSE,TRUE,TRUE,TRUE,FALSE,FALSE,FALSE,TRUE,FALSE,FALSE
81,07L,"Yes, I have taken a high school statistics course",None,FALSE,TRUE,TRUE,FALSE,TRUE,TRUE,TRUE,TRUE,FALSE,FALSE,FALSE,FALSE,TRUE,TRUE,TRUE
82,02L,"Yes, I have taken another college course on statistics",Some — I’ve worked on a few projects or used it occasionally,FALSE,TRUE,TRUE,TRUE,TRUE,TRUE,TRUE,TRUE,FALSE,FALSE,FALSE,TRUE,TRUE,FALSE,FALSE
83,08L,"Yes, I have taken a high school statistics course",Some — I’ve worked on a few projects or used it occasionally,TRUE,TRUE,TRUE,TRUE,TRUE,TRUE,TRUE,FALSE,TRUE,FALSE,TRUE,TRUE,FALSE,TRUE,TRUE
84,01L,"Yes, I have taken a high school statistics course",A little — I’ve written a few lines or done small exercises,FALSE,TRUE,TRUE,FALSE,TRUE,TRUE,TRUE,FALSE,FALSE,TRUE,FALSE,TRUE,FALSE,TRUE,TRUE
85,05L,"Yes, I have taken a high school statistics course",A little — I’ve written a few lines or done small exercises,TRUE,TRUE,TRUE,FALSE,FALSE,TRUE,TRUE,TRUE,TRUE,FALSE,FALSE,FALSE,TRUE,FALSE,TRUE
86,07L,"No, I have not taken any statistics courses",None,FALSE,TRUE,TRUE,TRUE,TRUE,TRUE,FALSE,TRUE,FALSE,FALSE,TRUE,FALSE,FALSE,TRUE,TRUE
87,07L,"Yes, I have taken a high school statistics course",A little — I’ve written a few lines or done small exercises,TRUE,TRUE,TRUE,TRUE,TRUE,TRUE,TRUE,FALSE,TRUE,FALSE,TRUE,TRUE,TRUE,TRUE,TRUE
88,02L,"Yes, I have taken a high school statistics course",Some — I’ve worked on a few projects or used it occasionally,FALSE,TRUE,TRUE,TRUE,FALSE,TRUE,TRUE,FALSE,TRUE,FALSE,TRUE,TRUE,TRUE,TRUE,TRUE
89,02L,"No, I have not taken any statistics courses",None,FALSE,FALSE,TRUE,TRUE,TRUE,FALSE,FALSE,FALSE,FALSE,TRUE,FALSE,FALSE,TRUE,TRUE,TRUE
90,02L,"Yes, I have taken another college course on statistics",A lot — I use programming regularly and feel confident writing code,FALSE,FALSE,TRUE,TRUE,TRUE,TRUE,TRUE,TRUE,FALSE,TRUE,FALSE,FALSE,TRUE,TRUE,FALSE
91,10L,"Yes, I have taken a high school statistics course",Some — I’ve worked on a few projects or used it occasionally,FALSE,TRUE,TRUE,TRUE,FALSE,TRUE,TRUE,FALSE,TRUE,FALSE,FALSE,TRUE,TRUE,FALSE,TRUE
92,06L,"Yes, I have taken a high school statistics course",None,FALSE,TRUE,FALSE,TRUE,FALSE,TRUE,TRUE,TRUE,TRUE,TRUE,TRUE,TRUE,TRUE,TRUE,TRUE
93,04L,"Yes, I have taken another college course on statistics",A little — I’ve written a few lines or done small exercises,FALSE,TRUE,TRUE,FALSE,FALSE,TRUE,FALSE,FALSE,FALSE,FALSE,TRUE,FALSE,FALSE,FALSE,TRUE
94,01L,"No, I have not taken any statistics courses",None,FALSE,TRUE,TRUE,TRUE,TRUE,TRUE,TRUE,TRUE,FALSE,TRUE,FALSE,TRUE,TRUE,TRUE,FALSE
95,09L,"No, I have not taken any statistics courses",A little — I’ve written a few lines or done small exercises,FALSE,FALSE,TRUE,TRUE,TRUE,TRUE,TRUE,FALSE,FALSE,TRUE,TRUE,TRUE,TRUE,FALSE,FALSE
96,02L,"No, I have not taken any statistics courses",None,FALSE,TRUE,TRUE,FALSE,FALSE,TRUE,TRUE,TRUE,FALSE,FALSE,FALSE,TRUE,FALSE,TRUE,FALSE
97,01L,"Yes, I have taken a high school statistics course",None,FALSE,TRUE,TRUE,FALSE,TRUE,TRUE,FALSE,TRUE,TRUE,FALSE,FALSE,FALSE,TRUE,FALSE,FALSE
98,04L,"No, I have not taken any statistics courses",A little — I’ve written a few lines or done small exercises,FALSE,FALSE,TRUE,FALSE,TRUE,FALSE,TRUE,TRUE,TRUE,TRUE,FALSE,FALSE,FALSE,TRUE,FALSE
99,08L,"No, I have not taken any statistics courses",None,FALSE,TRUE,FALSE,TRUE,FALSE,FALSE,FALSE,FALSE,TRUE,FALSE,FALSE,FALSE,TRUE,TRUE,FALSE
100,01L,"Yes, I have taken a high school statistics course",A little — I’ve written a few lines or done small exercises,FALSE,TRUE,TRUE,TRUE,FALSE,TRUE,TRUE,TRUE,TRUE,FALSE,FALSE,FALSE,FALSE,FALSE,TRUE
101,05L,"Yes, I have taken a high school statistics course",None,FALSE,FALSE,TRUE,FALSE,TRUE,TRUE,FALSE,FALSE,FALSE,TRUE,FALSE,FALSE,FALSE,TRUE,FALSE
102,09L,"No, I have not taken any statistics courses",Some — I’ve worked on a few projects or used it occasionally,FALSE,TRUE,TRUE,TRUE,FALSE,FALSE,FALSE,TRUE,TRUE,FALSE,TRUE,FALSE,TRUE,FALSE,TRUE
103,06L,"No, I have not taken any statistics courses",None,FALSE,TRUE,TRUE,FALSE,FALSE,TRUE,FALSE,FALSE,FALSE,TRUE,TRUE,TRUE,FALSE,TRUE,TRUE
104,02L,"Yes, I have taken a high school statistics course",None,FALSE,TRUE,TRUE,FALSE,TRUE,TRUE,TRUE,TRUE,TRUE,TRUE,TRUE,TRUE,TRUE,FALSE,TRUE
105,03L,"No, I have not taken any statistics courses",A little — I’ve written a few lines or done small exercises,TRUE,FALSE,TRUE,TRUE,FALSE,TRUE,TRUE,FALSE,FALSE,FALSE,TRUE,TRUE,FALSE,FALSE,TRUE
106,04L,"No, I have not taken any statistics courses",None,FALSE,FALSE,TRUE,FALSE,TRUE,FALSE,TRUE,TRUE,TRUE,TRUE,FALSE,TRUE,TRUE,TRUE,TRUE
107,02L,"No, I have not taken any statistics courses",None,FALSE,TRUE,TRUE,FALSE,TRUE,TRUE,TRUE,FALSE,FALSE,FALSE,TRUE,TRUE,FALSE,FALSE,FALSE
108,01L,"Yes, I have taken another college course on statistics",None,FALSE,FALSE,TRUE,FALSE,FALSE,FALSE,TRUE,FALSE,TRUE,TRUE,FALSE,FALSE,TRUE,TRUE,FALSE
109,07L,"Yes, I have taken a high school statistics course",A little — I’ve written a few lines or done small exercises,TRUE,FALSE,TRUE,TRUE,TRUE,FALSE,TRUE,FALSE,TRUE,TRUE,TRUE,TRUE,FALSE,TRUE,FALSE
110,10L,"Yes, I have taken a high school statistics course",A little — I’ve written a few lines or done small exercises,FALSE,TRUE,TRUE,TRUE,TRUE,TRUE,TRUE,FALSE,FALSE,FALSE,TRUE,TRUE,TRUE,FALSE,TRUE
111,03L,"Yes, I have taken a high school statistics course",Some — I’ve worked on a few projects or used it occasionally,FALSE,TRUE,TRUE,TRUE,FALSE,FALSE,TRUE,TRUE,TRUE,TRUE,TRUE,TRUE,TRUE,TRUE,TRUE
112,06L,"Yes, I have taken another college course on statistics",Some — I’ve worked on a few projects or used it occasionally,FALSE,TRUE,TRUE,TRUE,FALSE,FALSE,FALSE,FALSE,TRUE,TRUE,FALSE,FALSE,FALSE,TRUE,TRUE
113,08L,"No, I have not taken any statistics courses",None,TRUE,TRUE,TRUE,TRUE,TRUE,FALSE,FALSE,TRUE,TRUE,TRUE,FALSE,TRUE,TRUE,FALSE,FALSE
114,09L,"No, I have not taken any statistics courses",None,FALSE,TRUE,TRUE,TRUE,FALSE,TRUE,FALSE,TRUE,TRUE,TRUE,TRUE,TRUE,FALSE,FALSE,FALSE
115,08L,"Yes, I have taken a high school statistics course",A little — I’ve written a few lines or done small exercises,TRUE,FALSE,TRUE,TRUE,TRUE,FALSE,TRUE,FALSE,TRUE,TRUE,TRUE,FALSE,FALSE,TRUE,FALSE
116,10L,"No, I have not taken any statistics courses",None,TRUE,TRUE,FALSE,FALSE,TRUE,TRUE,FALSE,TRUE,FALSE,TRUE,FALSE,TRUE,FALSE,FALSE,FALSE
117,06L,"Yes, I have taken a high school statistics course",A little — I’ve written a few lines or done small exercises,TRUE,TRUE,TRUE,TRUE,FALSE,FALSE,TRUE,TRUE,FALSE,TRUE,FALSE,TRUE,TRUE,FALSE,TRUE
118,09L,"Yes, I have taken a high school statistics course",None,TRUE,TRUE,TRUE,TRUE,FALSE,TRUE,TRUE,FALSE,FALSE,FALSE,FALSE,FALSE,TRUE,FALSE,TRUE
119,08L,"Yes, I have taken a high school statistics course",None,TRUE,TRUE,TRUE,TRUE,FALSE,TRUE,FALSE,TRUE,TRUE,FALSE,FALSE,TRUE,FALSE,FALSE,TRUE
120,09L,"Yes, I have taken a high school statistics course",Some — I’ve worked on a few projects or used it occasionally,FALSE,TRUE,FALSE,FALSE,FALSE,TRUE,TRUE,TRUE,FALSE,TRUE,TRUE,TRUE,TRUE,TRUE,TRUE
121,08L,"Yes, I have taken a high school statistics course",None,TRUE,TRUE,TRUE,TRUE,TRUE,TRUE,TRUE,TRUE,FALSE,TRUE,TRUE,FALSE,TRUE,FALSE,TRUE
122,04L,"Yes, I have taken a high school statistics course",A little — I’ve written a few lines or done small exercises,TRUE,TRUE,FALSE,FALSE,FALSE,FALSE,TRUE,FALSE,TRUE,FALSE,FALSE,TRUE,TRUE,FALSE,TRUE
123,06L,"Yes, I have taken a high school statistics course",A little — I’ve written a few lines or done small exercises,TRUE,FALSE,FALSE,TRUE,TRUE,FALSE,TRUE,TRUE,FALSE,FALSE,FALSE,TRUE,FALSE,FALSE,FALSE
124,06L,"Yes, I have taken a high school statistics course",None,FALSE,FALSE,TRUE,FALSE,TRUE,TRUE,TRUE,FALSE,FALSE,TRUE,FALSE,TRUE,FALSE,FALSE,FALSE
125,04L,"Yes, I have taken a high school statistics course",Some — I’ve worked on a few projects or used it occasionally,TRUE,TRUE,TRUE,TRUE,FALSE,TRUE,TRUE,TRUE,FALSE,FALSE,TRUE,TRUE,FALSE,FALSE,FALSE
126,03L,"Yes, I have taken another college course on statistics",A little — I’ve written a few lines or done small exercises,FALSE,TRUE,TRUE,FALSE,TRUE,TRUE,TRUE,TRUE,TRUE,TRUE,FALSE,TRUE,FALSE,TRUE,TRUE
127,02L,"No, I have not taken any statistics courses",None,TRUE,TRUE,TRUE,TRUE,TRUE,TRUE,TRUE,TRUE,FALSE,TRUE,TRUE,TRUE,TRUE,FALSE,FALSE
128,04L,"Yes, I have taken a high school statistics course",Some — I’ve worked on a few projects or used it occasionally,FALSE,TRUE,TRUE,TRUE,FALSE,FALSE,TRUE,FALSE,FALSE,FALSE,FALSE,TRUE,FALSE,FALSE,FALSE
129,01L,"Yes, I have taken a high school statistics course",A little — I’ve written a few lines or done small exercises,FALSE,TRUE,TRUE,FALSE,TRUE,FALSE,FALSE,FALSE,FALSE,FALSE,FALSE,TRUE,FALSE,FALSE,FALSE
130,04L,"Yes, I have taken a high school statistics course",None,TRUE,TRUE,TRUE,TRUE,TRUE,TRUE,FALSE,FALSE,FALSE,TRUE,FALSE,TRUE,FALSE,TRUE,FALSE
131,01L,"Yes, I have taken another college course on statistics",Some — I’ve worked on a few projects or used it occasionally,FALSE,TRUE,TRUE,TRUE,FALSE,TRUE,TRUE,FALSE,FALSE,FALSE,FALSE,TRUE,FALSE,FALSE,FALSE
132,03L,"No, I have not taken any statistics courses",None,FALSE,TRUE,TRUE,FALSE,TRUE,FALSE,TRUE,FALSE,FALSE,TRUE,TRUE,FALSE,TRUE,TRUE,FALSE
133,08L,"No, I have not taken any statistics courses",A little — I’ve written a few lines or done small exercises,TRUE,FALSE,TRUE,FALSE,FALSE,FALSE,TRUE,FALSE,FALSE,FALSE,TRUE,FALSE,FALSE,FALSE,FALSE
134,09L,"Yes, I have taken another college course on statistics",A lot — I use programming regularly and feel confident writing code,TRUE,TRUE,TRUE,TRUE,TRUE,FALSE,TRUE,FALSE,TRUE,TRUE,TRUE,TRUE,TRUE,TRUE,TRUE
135,03L,"Yes, I have taken a high school statistics course",A little — I’ve written a few lines or done small exercises,FALSE,TRUE,TRUE,TRUE,TRUE,TRUE,TRUE,TRUE,FALSE,TRUE,FALSE,TRUE,FALSE,FALSE,FALSE
136,05L,"No, I have not taken any statistics courses",A little — I’ve written a few lines or done small exercises,FALSE,TRUE,TRUE,FALSE,TRUE,TRUE,TRUE,FALSE,FALSE,FALSE,TRUE,TRUE,TRUE,FALSE,TRUE
137,02L,"No, I have not taken any statistics courses",None,FALSE,TRUE,TRUE,TRUE,TRUE,TRUE,TRUE,TRUE,FALSE,FALSE,FALSE,TRUE,FALSE,TRUE,FALSE
138,08L,"Yes, I have taken a high school statistics course",Some — I’ve worked on a few projects or used it occasionally,TRUE,FALSE,TRUE,TRUE,TRUE,TRUE,TRUE,FALSE,FALSE,FALSE,TRUE,TRUE,FALSE,FALSE,TRUE
139,07L,"Yes, I have taken a high school statistics course",None,TRUE,FALSE,TRUE,TRUE,FALSE,FALSE,FALSE,FALSE,FALSE,TRUE,TRUE,TRUE,FALSE,FALSE,FALSE
140,08L,"Yes, I have taken a high school statistics course",A little — I’ve written a few lines or done small exercises,FALSE,TRUE,TRUE,TRUE,TRUE,TRUE,FALSE,TRUE,FALSE,TRUE,FALSE,TRUE,FALSE,FALSE,TRUE
141,08L,"Yes, I have taken a high school statistics course",A little — I’ve written a few lines or done small exercises,FALSE,TRUE,FALSE,FALSE,FALSE,TRUE,FALSE,FALSE,TRUE,FALSE,TRUE,TRUE,FALSE,TRUE,FALSE
142,10L,"No, I have not taken any statistics courses",None,FALSE,TRUE,TRUE,FALSE,FALSE,FALSE,TRUE,TRUE,TRUE,FALSE,TRUE,FALSE,FALSE,TRUE,FALSE
143,02L,"Yes, I have taken a high school statistics course",A little — I’ve written a few lines or done small exercises,FALSE,FALSE,FALSE,TRUE,FALSE,TRUE,FALSE,FALSE,TRUE,FALSE,FALSE,TRUE,FALSE,FALSE,FALSE
144,10L,"No, I have not taken any statistics courses",None,FALSE,TRUE,TRUE,TRUE,TRUE,TRUE,FALSE,TRUE,TRUE,FALSE,FALSE,TRUE,TRUE,FALSE,TRUE
145,03L,"Yes, I have taken a high school statistics course",A little — I’ve written a few lines or done small exercises,FALSE,TRUE,TRUE,TRUE,TRUE,FALSE,TRUE,FALSE,FALSE,FALSE,TRUE,TRUE,TRUE,TRUE,TRUE
146,04L,"No, I have not taken any statistics courses",A little — I’ve written a few lines or done small exercises,FALSE,TRUE,TRUE,FALSE,FALSE,FALSE,TRUE,FALSE,FALSE,FALSE,FALSE,TRUE,FALSE,FALSE,FALSE
147,05L,"Yes, I have taken a high school statistics course",A little — I’ve written a few lines or done small exercises,FALSE,TRUE,TRUE,FALSE,TRUE,TRUE,TRUE,FALSE,TRUE,TRUE,FALSE,FALSE,TRUE,TRUE,FALSE
148,01L,"Yes, I have taken a high school statistics course",A little — I’ve written a few lines or done small exercises,FALSE,TRUE,FALSE,FALSE,FALSE,FALSE,FALSE,FALSE,FALSE,TRUE,TRUE,FALSE,FALSE,FALSE,TRUE
149,04L,"No, I have not taken any statistics courses",None,TRUE,FALSE,TRUE,TRUE,FALSE,FALSE,FALSE,TRUE,FALSE,TRUE,FALSE,TRUE,TRUE,TRUE,TRUE
150,09L,"Yes, I have taken a high school statistics course",None,TRUE,TRUE,TRUE,TRUE,TRUE,TRUE,TRUE,TRUE,FALSE,TRUE,FALSE,TRUE,TRUE,FALSE,TRUE
151,06L,"No, I have not taken any statistics courses",A little — I’ve written a few lines or done small exercises,TRUE,TRUE,TRUE,FALSE,FALSE,TRUE,FALSE,FALSE,TRUE,TRUE,FALSE,FALSE,FALSE,TRUE,FALSE
152,01L,"No, I have not taken any statistics courses",None,FALSE,FALSE,TRUE,TRUE,FALSE,FALSE,TRUE,FALSE,FALSE,TRUE,FALSE,TRUE,TRUE,FALSE,FALSE
153,04L,"No, I have not taken any statistics courses",A little — I’ve written a few lines or done small exercises,TRUE,TRUE,TRUE,FALSE,TRUE,FALSE,FALSE,TRUE,FALSE,FALSE,FALSE,FALSE,TRUE,TRUE,TRUE
154,02L,"No, I have not taken any statistics courses",None,FALSE,TRUE,TRUE,TRUE,FALSE,TRUE,TRUE,TRUE,FALSE,TRUE,FALSE,FALSE,FALSE,TRUE,FALSE
155,04L,"Yes, I have taken a high school statistics course",Some — I’ve worked on a few projects or used it occasionally,FALSE,TRUE,TRUE,TRUE,TRUE,TRUE,TRUE,FALSE,TRUE,TRUE,TRUE,FALSE,FALSE,TRUE,TRUE
156,09L,"Yes, I have taken a high school statistics course",Some — I’ve worked on a few projects or used it occasionally,FALSE,TRUE,TRUE,TRUE,TRUE,FALSE,FALSE,FALSE,FALSE,FALSE,FALSE,FALSE,TRUE,FALSE,FALSE
157,09L,"No, I have not taken any statistics courses",None,TRUE,FALSE,TRUE,TRUE,FALSE,FALSE,FALSE,FALSE,TRUE,FALSE,FALSE,TRUE,FALSE,FALSE,TRUE
158,09L,"Yes, I have taken a high school statistics course",Some — I’ve worked on a few projects or used it occasionally,FALSE,TRUE,TRUE,FALSE,TRUE,FALSE,TRUE,FALSE,TRUE,TRUE,FALSE,TRUE,FALSE,TRUE,TRUE
159,05L,"No, I have not taken any statistics courses",None,FALSE,FALSE,FALSE,FALSE,FALSE,TRUE,TRUE,TRUE,TRUE,TRUE,FALSE,FALSE,TRUE,FALSE,FALSE
160,02L,"Yes, I have taken a high school statistics course",A little — I’ve written a few lines or done small exercises,FALSE,TRUE,TRUE,TRUE,TRUE,TRUE,TRUE,FALSE,TRUE,FALSE,FALSE,TRUE,TRUE,TRUE,FALSE
161,01L,"No, I have not taken any statistics courses",None,TRUE,TRUE,TRUE,TRUE,FALSE,TRUE,FALSE,TRUE,FALSE,TRUE,FALSE,FALSE,TRUE,TRUE,TRUE
162,06L,"Yes, I have taken a high school statistics course",A little — I’ve written a few lines or done small exercises,FALSE,TRUE,TRUE,TRUE,TRUE,TRUE,TRUE,TRUE,TRUE,TRUE,FALSE,TRUE,FALSE,FALSE,TRUE
163,01L,"Yes, I have taken another college course on statistics",Some — I’ve worked on a few projects or used it occasionally,TRUE,TRUE,TRUE,TRUE,FALSE,TRUE,FALSE,FALSE,TRUE,FALSE,FALSE,FALSE,FALSE,FALSE,TRUE
164,09L,"No, I have not taken any statistics courses",A little — I’ve written a few lines or done small exercises,FALSE,TRUE,TRUE,FALSE,TRUE,TRUE,FALSE,TRUE,FALSE,TRUE,FALSE,FALSE,FALSE,FALSE,FALSE
165,09L,"Yes, I have taken a high school statistics course",A little — I’ve written a few lines or done small exercises,FALSE,TRUE,TRUE,TRUE,TRUE,FALSE,TRUE,TRUE,TRUE,FALSE,FALSE,FALSE,FALSE,FALSE,TRUE
166,07L,"No, I have not taken any statistics courses",None,FALSE,TRUE,TRUE,TRUE,TRUE,TRUE,TRUE,TRUE,FALSE,TRUE,TRUE,TRUE,FALSE,TRUE,TRUE
167,08L,"Yes, I have taken a high school statistics course",None,FALSE,FALSE,TRUE,TRUE,FALSE,FALSE,TRUE,TRUE,FALSE,TRUE,FALSE,TRUE,FALSE,FALSE,FALSE
168,09L,"Yes, I have taken a high school statistics course",A little — I’ve written a few lines or done small exercises,TRUE,TRUE,FALSE,TRUE,FALSE,TRUE,FALSE,FALSE,TRUE,TRUE,FALSE,FALSE,TRUE,TRUE,FALSE
169,05L,"Yes, I have taken a high school statistics course",None,TRUE,FALSE,FALSE,TRUE,FALSE,FALSE,TRUE,TRUE,FALSE,TRUE,FALSE,TRUE,FALSE,FALSE,TRUE
170,04L,"Yes, I have taken a high school statistics course",A little — I’ve written a few lines or done small exercises,TRUE,TRUE,TRUE,TRUE,FALSE,FALSE,FALSE,FALSE,TRUE,TRUE,FALSE,FALSE,FALSE,FALSE,FALSE
171,08L,"No, I have not taken any statistics courses",A little — I’ve written a few lines or done small exercises,TRUE,FALSE,FALSE,TRUE,FALSE,TRUE,FALSE,FALSE,FALSE,TRUE,FALSE,TRUE,FALSE,TRUE,FALSE
172,08L,"Yes, I have taken a high school statistics course",None,FALSE,TRUE,TRUE,TRUE,TRUE,FALSE,TRUE,TRUE,TRUE,FALSE,TRUE,TRUE,FALSE,TRUE,TRUE
173,01L,"No, I have not taken any statistics courses",None,FALSE,TRUE,TRUE,FALSE,TRUE,TRUE,TRUE,FALSE,FALSE,FALSE,TRUE,TRUE,FALSE,FALSE,TRUE
174,05L,"Yes, I have taken a high school statistics course",A little — I’ve written a few lines or done small exercises,FALSE,TRUE,TRUE,FALSE,FALSE,FALSE,FALSE,FALSE,TRUE,FALSE,FALSE,FALSE,FALSE,TRUE,TRUE
175,05L,"Yes, I have taken a high school statistics course",Some — I’ve worked on a few projects or used it occasionally,FALSE,TRUE,TRUE,TRUE,TRUE,FALSE,FALSE,TRUE,FALSE,TRUE,FALSE,TRUE,FALSE,FALSE,FALSE
176,09L,"Yes, I have taken a high school statistics course",A little — I’ve written a few lines or done small exercises,FALSE,TRUE,FALSE,TRUE,FALSE,TRUE,FALSE,TRUE,TRUE,TRUE,FALSE,TRUE,TRUE,FALSE,TRUE
177,04L,"Yes, I have taken a high school statistics course",None,TRUE,TRUE,FALSE,FALSE,FALSE,FALSE,FALSE,TRUE,TRUE,FALSE,FALSE,TRUE,FALSE,FALSE,FALSE
178,07L,"No, I have not taken any statistics courses",None,FALSE,TRUE,TRUE,FALSE,FALSE,FALSE,TRUE,FALSE,FALSE,TRUE,TRUE,TRUE,FALSE,TRUE,TRUE
179,08L,"Yes, I have taken a high school statistics course",Some — I’ve worked on a few projects or used it occasionally,TRUE,TRUE,TRUE,TRUE,TRUE,FALSE,FALSE,TRUE,TRUE,TRUE,FALSE,FALSE,TRUE,TRUE,FALSE
180,04L,"No, I have not taken any statistics courses",None,FALSE,FALSE,TRUE,TRUE,FALSE,FALSE,TRUE,FALSE,FALSE,FALSE,TRUE,FALSE,FALSE,FALSE,FALSE
181,01L,"No, I have not taken any statistics courses",A little — I’ve written a few lines or done small exercises,FALSE,TRUE,TRUE,FALSE,TRUE,TRUE,FALSE,TRUE,FALSE,TRUE,FALSE,FALSE,FALSE,TRUE,TRUE
182,07L,"Yes, I have taken another college course on statistics",A lot — I use programming regularly and feel confident writing code,TRUE,FALSE,FALSE,FALSE,FALSE,FALSE,FALSE,FALSE,FALSE,TRUE,FALSE,TRUE,FALSE,FALSE,FALSE
183,06L,"No, I have not taken any statistics courses",None,FALSE,TRUE,TRUE,FALSE,TRUE,FALSE,FALSE,FALSE,TRUE,TRUE,FALSE,FALSE,FALSE,TRUE,FALSE
184,01L,"No, I have not taken any statistics courses",None,FALSE,TRUE,TRUE,FALSE,TRUE,TRUE,FALSE,TRUE,FALSE,TRUE,TRUE,TRUE,FALSE,TRUE,FALSE
185,10L,"No, I have not taken any statistics courses",Some — I’ve worked on a few projects or used it occasionally,FALSE,TRUE,TRUE,TRUE,FALSE,FALSE,FALSE,FALSE,FALSE,FALSE,FALSE,TRUE,FALSE,TRUE,FALSE
186,08L,"Yes, I have taken a high school statistics course",Some — I’ve worked on a few projects or used it occasionally,TRUE,TRUE,TRUE,TRUE,TRUE,TRUE,FALSE,TRUE,TRUE,FALSE,FALSE,TRUE,FALSE,TRUE,TRUE
187,04L,"Yes, I have taken a high school statistics course",A little — I’ve written a few lines or done small exercises,FALSE,TRUE,TRUE,TRUE,TRUE,TRUE,TRUE,TRUE,TRUE,TRUE,TRUE,TRUE,FALSE,TRUE,TRUE
188,10L,"Yes, I have taken a high school statistics course",A little — I’ve written a few lines or done small exercises,FALSE,TRUE,TRUE,FALSE,TRUE,FALSE,FALSE,FALSE,FALSE,FALSE,TRUE,TRUE,FALSE,TRUE,FALSE
189,03L,"No, I have not taken any statistics courses",None,FALSE,TRUE,TRUE,FALSE,FALSE,TRUE,FALSE,TRUE,FALSE,FALSE,FALSE,TRUE,FALSE,FALSE,TRUE
190,01L,"No, I have not taken any statistics courses",None,TRUE,TRUE,TRUE,TRUE,FALSE,TRUE,TRUE,FALSE,FALSE,FALSE,TRUE,FALSE,FALSE,FALSE,TRUE
191,10L,"Yes, I have taken another college course on statistics",Some — I’ve worked on a few projects or used it occasionally,FALSE,TRUE,TRUE,FALSE,FALSE,TRUE,TRUE,FALSE,TRUE,TRUE,FALSE,TRUE,TRUE,FALSE,TRUE
192,10L,"No, I have not taken any statistics courses",Some — I’ve worked on a few projects or used it occasionally,TRUE,TRUE,TRUE,FALSE,FALSE,FALSE,TRUE,TRUE,TRUE,FALSE,FALSE,FALSE,TRUE,FALSE,TRUE
193,10L,"Yes, I have taken a high school statistics course",None,FALSE,TRUE,TRUE,TRUE,TRUE,FALSE,FALSE,TRUE,FALSE,FALSE,TRUE,FALSE,TRUE,FALSE,TRUE
194,07L,"Yes, I have taken a high school statistics course",A little — I’ve written a few lines or done small exercises,FALSE,TRUE,TRUE,TRUE,FALSE,TRUE,FALSE,TRUE,FALSE,FALSE,FALSE,TRUE,TRUE,TRUE,FALSE
195,10L,"Yes, I have taken a high school statistics course",None,FALSE,FALSE,TRUE,TRUE,TRUE,TRUE,TRUE,FALSE,TRUE,TRUE,FALSE,FALSE,FALSE,FALSE,TRUE
196,07L,"Yes, I have taken a high school statistics course",None,FALSE,TRUE,TRUE,FALSE,FALSE,TRUE,FALSE,TRUE,FALSE,TRUE,TRUE,TRUE,TRUE,FALSE,FALSE
197,10L,"Yes, I have taken a high school statistics course",Some — I’ve worked on a few projects or used it occasionally,FALSE,TRUE,TRUE,TRUE,FALSE,FALSE,FALSE,FALSE,TRUE,TRUE,FALSE,FALSE,FALSE,FALSE,FALSE
198,03L,"No, I have not taken any statistics courses",None,FALSE,TRUE,FALSE,TRUE,FALSE,FALSE,FALSE,TRUE,TRUE,TRUE,TRUE,TRUE,TRUE,TRUE,TRUE
199,10L,"Yes, I have taken another college course on statistics",A little — I’ve written a few lines or done small exercises,FALSE,FALSE,TRUE,FALSE,TRUE,FALSE,FALSE,TRUE,TRUE,TRUE,TRUE,FALSE,TRUE,TRUE,TRUE
200,10L,"Yes, I have taken a high school statistics course",A little — I’ve written a few lines or done small exercises,FALSE,TRUE,TRUE,TRUE,FALSE,TRUE,TRUE,FALSE,FALSE,TRUE,FALSE,TRUE,TRUE,TRUE,TRUE
201,06L,"Yes, I have taken a high school statistics course",Some — I’ve worked on a few projects or used it occasionally,FALSE,TRUE,TRUE,FALSE,TRUE,FALSE,TRUE,TRUE,FALSE,TRUE,FALSE,FALSE,FALSE,FALSE,FALSE
202,02L,"No, I have not taken any statistics courses",A little — I’ve written a few lines or done small exercises,TRUE,TRUE,TRUE,FALSE,TRUE,FALSE,FALSE,FALSE,FALSE,FALSE,FALSE,TRUE,FALSE,FALSE,FALSE
203,01L,"Yes, I have taken another college course on statistics",Some — I’ve worked on a few projects or used it occasionally,TRUE,TRUE,FALSE,TRUE,FALSE,FALSE,FALSE,TRUE,TRUE,FALSE,FALSE,FALSE,FALSE,FALSE,TRUE
204,05L,"Yes, I have taken a high school statistics course",None,FALSE,FALSE,TRUE,FALSE,FALSE,TRUE,FALSE,TRUE,FALSE,TRUE,FALSE,TRUE,FALSE,TRUE,FALSE
205,07L,"No, I have not taken any statistics courses",A little — I’ve written a few lines or done small exercises,FALSE,TRUE,TRUE,FALSE,FALSE,TRUE,TRUE,TRUE,FALSE,TRUE,TRUE,TRUE,TRUE,TRUE,TRUE
206,01L,"No, I have not taken any statistics courses",None,TRUE,FALSE,FALSE,FALSE,TRUE,FALSE,TRUE,TRUE,FALSE,FALSE,FALSE,TRUE,FALSE,FALSE,TRUE
207,04L,"Yes, I have taken a high school statistics course",None,FALSE,TRUE,TRUE,TRUE,TRUE,FALSE,FALSE,TRUE,TRUE,FALSE,FALSE,FALSE,FALSE,TRUE,TRUE
208,06L,"No, I have not taken any statistics courses",A little — I’ve written a few lines or done small exercises,FALSE,TRUE,TRUE,FALSE,TRUE,FALSE,TRUE,TRUE,TRUE,FALSE,FALSE,FALSE,TRUE,TRUE,FALSE
209,01L,"Yes, I have taken another college course on statistics",Some — I’ve worked on a few projects or used it occasionally,TRUE,TRUE,TRUE,TRUE,FALSE,TRUE,FALSE,TRUE,FALSE,FALSE,TRUE,FALSE,TRUE,FALSE,FALSE
210,07L,"No, I have not taken any statistics courses",A little — I’ve written a few lines or done small exercises,FALSE,TRUE,TRUE,TRUE,TRUE,TRUE,TRUE,TRUE,FALSE,FALSE,FALSE,TRUE,FALSE,FALSE,TRUE
211,06L,"Yes, I have taken a high school statistics course",Some — I’ve worked on a few projects or used it occasionally,TRUE,TRUE,FALSE,TRUE,TRUE,TRUE,FALSE,FALSE,TRUE,TRUE,FALSE,FALSE,TRUE,TRUE,TRUE
212,01L,"Yes, I have taken a high school statistics course",None,TRUE,TRUE,TRUE,TRUE,FALSE,TRUE,FALSE,TRUE,TRUE,TRUE,FALSE,FALSE,TRUE,TRUE,FALSE
213,06L,"Yes, I have taken a high school statistics course",Some — I’ve worked on a few projects or used it occasionally,TRUE,TRUE,TRUE,TRUE,FALSE,TRUE,FALSE,TRUE,FALSE,FALSE,TRUE,FALSE,TRUE,FALSE,TRUE
214,07L,"Yes, I have taken another college course on statistics",None,FALSE,TRUE,TRUE,FALSE,TRUE,FALSE,TRUE,FALSE,FALSE,TRUE,FALSE,TRUE,FALSE,FALSE,TRUE
215,10L,"No, I have not taken any statistics courses",A little — I’ve written a few lines or done small exercises,FALSE,FALSE,TRUE,FALSE,TRUE,TRUE,TRUE,FALSE,FALSE,TRUE,FALSE,TRUE,FALSE,FALSE,TRUE
216,04L,"Yes, I have taken a high school statistics course",A little — I’ve written a few lines or done small exercises,FALSE,FALSE,FALSE,TRUE,FALSE,TRUE,TRUE,TRUE,TRUE,TRUE,FALSE,TRUE,TRUE,FALSE,TRUE
217,08L,"Yes, I have taken a high school statistics course",Some — I’ve worked on a few projects or used it occasionally,FALSE,TRUE,TRUE,TRUE,FALSE,FALSE,FALSE,FALSE,TRUE,TRUE,FALSE,FALSE,FALSE,TRUE,TRUE
218,10L,"Yes, I have taken a high school statistics course",None,FALSE,TRUE,TRUE,FALSE,TRUE,TRUE,TRUE,TRUE,FALSE,FALSE,FALSE,FALSE,TRUE,TRUE,TRUE
219,05L,"Yes, I have taken another college course on statistics",Some — I’ve worked on a few projects or used it occasionally,FALSE,FALSE,TRUE,TRUE,TRUE,TRUE,FALSE,TRUE,TRUE,FALSE,TRUE,TRUE,TRUE,FALSE,TRUE
220,03L,"Yes, I have taken a high school statistics course",A little — I’ve written a few lines or done small exercises,FALSE,FALSE,TRUE,TRUE,TRUE,TRUE,FALSE,TRUE,TRUE,TRUE,FALSE,FALSE,FALSE,TRUE,FALSE
221,04L,"Yes, I have taken a high school statistics course",Some — I’ve worked on a few projects or used it occasionally,TRUE,TRUE,TRUE,TRUE,TRUE,TRUE,FALSE,FALSE,TRUE,TRUE,TRUE,TRUE,TRUE,TRUE,TRUE
222,08L,"Yes, I have taken a high school statistics course",A little — I’ve written a few lines or done small exercises,FALSE,TRUE,TRUE,FALSE,FALSE,TRUE,TRUE,FALSE,TRUE,TRUE,FALSE,TRUE,FALSE,FALSE,TRUE
223,06L,"No, I have not taken any statistics courses",A little — I’ve written a few lines or done small exercises,TRUE,TRUE,TRUE,TRUE,TRUE,TRUE,TRUE,TRUE,TRUE,TRUE,TRUE,TRUE,TRUE,TRUE,TRUE
224,05L,"Yes, I have taken another college course on statistics",A little — I’ve written a few lines or done small exercises,TRUE,TRUE,FALSE,TRUE,FALSE,FALSE,FALSE,TRUE,FALSE,TRUE,FALSE,TRUE,TRUE,FALSE,TRUE
225,09L,"No, I have not taken any statistics courses",A little — I’ve written a few lines or done small exercises,TRUE,TRUE,TRUE,TRUE,TRUE,FALSE,FALSE,FALSE,FALSE,FALSE,FALSE,FALSE,FALSE,FALSE,TRUE
226,08L,"No, I have not taken any statistics courses",None,TRUE,TRUE,TRUE,TRUE,TRUE,TRUE,TRUE,FALSE,FALSE,FALSE,TRUE,TRUE,FALSE,FALSE,TRUE
227,03L,"No, I have not taken any statistics courses",None,FALSE,TRUE,TRUE,FALSE,TRUE,FALSE,TRUE,FALSE,FALSE,FALSE,FALSE,TRUE,FALSE,FALSE,FALSE
228,06L,"Yes, I have taken a high school statistics course",None,TRUE,TRUE,TRUE,TRUE,TRUE,FALSE,FALSE,TRUE,FALSE,TRUE,FALSE,TRUE,FALSE,FALSE,TRUE
229,04L,"Yes, I have taken a high school statistics course",Some — I’ve worked on a few projects or used it occasionally,TRUE,TRUE,TRUE,FALSE,TRUE,FALSE,FALSE,FALSE,FALSE,FALSE,TRUE,TRUE,TRUE,FALSE,FALSE
230,06L,"No, I have not taken any statistics courses",None,FALSE,FALSE,TRUE,TRUE,FALSE,FALSE,TRUE,TRUE,FALSE,TRUE,FALSE,FALSE,TRUE,FALSE,FALSE
231,02L,"No, I have not taken any statistics courses",A little — I’ve written a few lines or done small exercises,TRUE,TRUE,TRUE,TRUE,FALSE,FALSE,FALSE,TRUE,FALSE,FALSE,TRUE,TRUE,FALSE,FALSE,TRUE
232,05L,"No, I have not taken any statistics courses",None,TRUE,TRUE,TRUE,FALSE,FALSE,TRUE,FALSE,TRUE,FALSE,FALSE,TRUE,TRUE,FALSE,TRUE,FALSE
233,07L,"No, I have not taken any statistics courses",None,NA,NA,NA,NA,NA,NA,NA,NA,NA,NA,NA,NA,NA,NA,NA
234,09L,"No, I have not taken any statistics courses",None,TRUE,TRUE,TRUE,TRUE,TRUE,TRUE,TRUE,FALSE,FALSE,TRUE,FALSE,TRUE,FALSE,FALSE,TRUE
235,01L,"No, I have not taken any statistics courses",None,TRUE,TRUE,TRUE,TRUE,FALSE,TRUE,FALSE,TRUE,FALSE,TRUE,TRUE,TRUE,TRUE,TRUE,TRUE
236,02L,"Yes, I have taken another college course on statistics",A little — I’ve written a few lines or done small exercises,FALSE,TRUE,TRUE,TRUE,FALSE,TRUE,TRUE,TRUE,FALSE,TRUE,FALSE,FALSE,FALSE,FALSE,TRUE
237,05L,"No, I have not taken any statistics courses",None,FALSE,TRUE,TRUE,TRUE,TRUE,FALSE,FALSE,TRUE,TRUE,TRUE,FALSE,TRUE,FALSE,TRUE,FALSE
238,03L,"No, I have not taken any statistics courses",None,TRUE,FALSE,TRUE,TRUE,FALSE,FALSE,FALSE,FALSE,FALSE,FALSE,FALSE,TRUE,FALSE,FALSE,FALSE
239,02L,"No, I have not taken any statistics courses",Some — I’ve worked on a few projects or used it occasionally,TRUE,TRUE,TRUE,TRUE,FALSE,FALSE,TRUE,FALSE,FALSE,TRUE,TRUE,TRUE,FALSE,FALSE,FALSE
240,04L,"Yes, I have taken a high school statistics course",None,TRUE,TRUE,TRUE,TRUE,FALSE,TRUE,TRUE,TRUE,TRUE,FALSE,FALSE,TRUE,FALSE,FALSE,FALSE
241,09L,"No, I have not taken any statistics courses",None,FALSE,TRUE,TRUE,FALSE,TRUE,TRUE,TRUE,TRUE,FALSE,FALSE,TRUE,FALSE,TRUE,TRUE,FALSE
242,04L,"No, I have not taken any statistics courses",None,TRUE,TRUE,FALSE,TRUE,FALSE,FALSE,TRUE,TRUE,TRUE,FALSE,FALSE,FALSE,TRUE,TRUE,FALSE
243,09L,"Yes, I have taken a high school statistics course",Some — I’ve worked on a few projects or used it occasionally,TRUE,FALSE,TRUE,TRUE,FALSE,FALSE,FALSE,FALSE,FALSE,FALSE,TRUE,FALSE,FALSE,FALSE,TRUE
244,"04L, STA 199CCL.05L.Fa26","Yes, I have taken a high school statistics course",A little — I’ve written a few lines or done small exercises,TRUE,TRUE,TRUE,TRUE,FALSE,FALSE,FALSE,TRUE,FALSE,TRUE,FALSE,TRUE,FALSE,FALSE,FALSE
245,09L,"Yes, I have taken a high school statistics course",Some — I’ve worked on a few projects or used it occasionally,TRUE,FALSE,TRUE,TRUE,FALSE,FALSE,TRUE,FALSE,TRUE,TRUE,FALSE,FALSE,TRUE,TRUE,TRUE
246,01L,"Yes, I have taken a high school statistics course",None,TRUE,TRUE,FALSE,TRUE,FALSE,TRUE,TRUE,FALSE,TRUE,TRUE,FALSE,TRUE,TRUE,FALSE,TRUE
247,08L,"No, I have not taken any statistics courses",Some — I’ve worked on a few projects or used it occasionally,TRUE,TRUE,TRUE,FALSE,TRUE,TRUE,FALSE,TRUE,TRUE,TRUE,TRUE,TRUE,TRUE,FALSE,TRUE
248,08L,"Yes, I have taken a high school statistics course",None,FALSE,TRUE,TRUE,FALSE,FALSE,FALSE,FALSE,FALSE,FALSE,FALSE,FALSE,FALSE,FALSE,TRUE,FALSE
249,07L,"Yes, I have taken a high school statistics course",A little — I’ve written a few lines or done small exercises,FALSE,TRUE,TRUE,TRUE,TRUE,TRUE,TRUE,TRUE,FALSE,FALSE,FALSE,TRUE,FALSE,TRUE,FALSE
250,04L,"No, I have not taken any statistics courses",Some — I’ve worked on a few projects or used it occasionally,FALSE,TRUE,FALSE,TRUE,TRUE,FALSE,FALSE,TRUE,FALSE,TRUE,FALSE,FALSE,TRUE,TRUE,TRUE
251,03L,"Yes, I have taken a high school statistics course",None,TRUE,TRUE,TRUE,TRUE,TRUE,TRUE,TRUE,TRUE,TRUE,TRUE,TRUE,TRUE,TRUE,TRUE,TRUE
252,03L,"Yes, I have taken a high school statistics course",None,FALSE,FALSE,TRUE,FALSE,TRUE,FALSE,FALSE,TRUE,FALSE,FALSE,FALSE,TRUE,FALSE,FALSE,FALSE
253,05L,"Yes, I have taken a high school statistics course",A little — I’ve written a few lines or done small exercises,TRUE,TRUE,TRUE,TRUE,FALSE,FALSE,FALSE,FALSE,TRUE,FALSE,FALSE,FALSE,TRUE,FALSE,TRUE
254,01L,"No, I have not taken any statistics courses",None,TRUE,TRUE,TRUE,TRUE,FALSE,TRUE,TRUE,FALSE,FALSE,FALSE,FALSE,TRUE,FALSE,FALSE,FALSE
255,07L,"Yes, I have taken a high school statistics course",A little — I’ve written a few lines or done small exercises,FALSE,TRUE,TRUE,TRUE,TRUE,TRUE,FALSE,FALSE,FALSE,FALSE,TRUE,TRUE,FALSE,FALSE,TRUE
256,06L,"Yes, I have taken a high school statistics course",Some — I’ve worked on a few projects or used it occasionally,FALSE,FALSE,TRUE,TRUE,FALSE,FALSE,FALSE,FALSE,TRUE,TRUE,FALSE,TRUE,FALSE,TRUE,TRUE
257,03L,"No, I have not taken any statistics courses",None,TRUE,TRUE,TRUE,FALSE,FALSE,FALSE,FALSE,FALSE,TRUE,FALSE,FALSE,FALSE,TRUE,FALSE,FALSE
258,02L,"Yes, I have taken a high school statistics course",None,TRUE,TRUE,TRUE,TRUE,TRUE,TRUE,FALSE,FALSE,FALSE,FALSE,TRUE,TRUE,FALSE,FALSE,TRUE
